pdbid	uniprot_id_for_pdbid
10gs	P09211
184l	P00720
185l	P00720
187l	P00720
188l	P00720
1a07	P12931
1a08	P12931
1a1b	P12931
1a1c	P12931
1a1e	P12931
1a28	P06401
1a2c	P00734
1a46	P00734
1a4h	P02829
1a4r	P60953
1a4w	P00734
1a52	P03372
1a5g	P00734
1a61	P00734
1a7t	P25910
1a85	P22894
1a86	P22894
1a8i	P00489
1a9q	P55859
1afk	P61823
1agw	P11362
1apv	P00798
1aq1	P24941
1au0	P43235
1awf	P00734
1awh	P00734
1ayu	P43235
1ayv	P43235
1azm	P00915
1b0f	P08246
1b57	P0AB71
1b5g	P00734
1b8n	P55859
1b8o	P55859
1ba8	P00734
1bb0	P00734
1bcd	P00918
1bhf	P06239
1bhx	P00734
1bil	P00797
1biw	P08254
1bl4	P62942
1bl6	Q16539
1bl7	Q16539
1bm6	P08254
1bm7	P02766
1bmk	Q16539
1bmm	P00734
1bmn	P00734
1bmq	P29466
1bnm	P00918
1bp0	P00469
1bqo	P08254
1br6	P02879
1bxo	P00798
1bzc	P18031
1bzf	P00381
1bzj	P18031
1bzs	P22894
1bzy	P00492
1c1r	P00760
1c1u	P00734
1c4u	P00734
1c4v	P00734
1c5o	P00734
1c5x	P00749
1c83	P18031
1c84	P18031
1c86	P18031
1ca8	P00734
1caq	P08254
1cbr	P62965
1cbx	P00730
1cea	P00747
1ceb	P00747
1cgl	P03956
1cim	P00918
1cin	P00918
1cj1	P62993
1cnw	P00918
1cnx	P00918
1cny	P00918
1cqp	P20701
1cr6	P34914
1d2s	P04278
1d3d	P00734
1d3p	P00734
1d3q	P00734
1d5j	P08254
1d6w	P00734
1d7x	P08254
1d8e	P01116,Q02293,Q04631
1d8f	P08254
1d9i	P00734
1db1	P11473
1db4	P14555
1db5	P14555
1dgm	Q9TVW2
1di8	P24941
1di9	Q16539
1dis	P00381
1dqx	P03962
1dwc	P00734
1dwd	P00734
1dx6	P04058
1e1v	P24941
1e1x	P24941
1e1y	P00489
1e3g	P10275
1e3v	P07445
1e9h	P20248,P24941
1eb2	P00760
1ecv	P18031
1ek1	P34914
1ek2	P34914
1em6	P06737
1enu	P28720
1eou	P00918
1err	P03372
1ets	P00735
1ett	P00735
1eub	P45452
1eve	P04058
1ex8	P26281
1exv	P06737
1ezf	P37268
1ezq	P00742
1f0r	P00742
1f0s	P00742
1f0u	P00760
1f1j	P55210
1f3e	P28720
1f40	P62942
1f57	P00730
1f5l	P00749
1f92	P00749
1f9e	Q14790
1fax	P00742
1fcy	P13631
1fcz	P13631
1fd0	P13631
1fgi	P11362
1fjs	P00742
1fkf	P62942
1fkg	P62942
1fkh	P62942
1fki	P62942
1fls	P45452
1fm9	P19793,P37231,Q15788
1fpc	P00734
1fpi	P00636
1fq6	P07267
1fq7	P07267
1fta	P09467
1ftj	P19491
1fv9	P00749
1fvt	P24941
1fyr	P62993,P08581
1g05	P08254
1g37	P00734
1g49	P08254
1g4k	P08254
1g4o	P00918
1g52	P00918
1g54	P00918
1g5s	P24941
1g6s	P0A6D3
1g7g	P18031
1gbt	P00760
1gcz	P14174
1gfw	P42574
1gfz	P00489
1ghw	P00734
1gi1	P00760
1gi4	P00760
1gi8	P00749
1gi9	P00749
1gj5	P00734
1gj7	P00749
1gja	P00749
1gjb	P00749
1gjc	P00749
1gjd	P00749
1gmy	P07858
1gpn	P04058
1gpy	P00489
1gsf	P08263
1gsz	P33247
1gu1	P15474
1gx8	P02754
1h00	P24941
1h01	P24941
1h08	P24941
1h1b	P08246
1h1d	P22734
1h22	P04058
1h23	P04058
1h35	P33247
1h36	P33247
1h37	P33247
1h39	P33247
1h3a	P33247
1h3b	P33247
1h5u	P00489
1ha2	P02768
1hbj	P04058
1hdt	P00734
1hfs	P08254
1hi5	P10153
1hkk	Q13231
1hkm	Q13231
1hlf	P00489
1hmr	P05413
1hms	P05413
1hnn	P11086
1hp5	O85361
1hrn	P00797
1hs6	P09960
1hv5	Q02853
1hvy	P04818
1hy7	P08254
1i00	P04818
1i2s	P00808
1i37	P15207
1i5r	P14061
1i72	P17707
1i7g	Q07869
1i7i	P37231
1iau	P10144
1ie9	P11473
1iep	P00520
1il9	P02879
1ilh	O75469
1iy7	P00730
1iyl	P30418
1j4r	P62942
1jak	O85361
1jaq	P22894
1jd0	O43570
1jj9	P22894
1jje	Q79MP6
1jmf	P00469
1jmi	P00469
1jrs	P00760
1jtq	P0A884
1juj	P04818
1jvp	P24941
1jwt	P00734
1jzs	P56690
1k06	P00489
1k08	P00489
1k1i	P00760
1k1j	P00760
1k1l	P00760
1k1m	P00760
1k1n	P00760
1k1o	P00760
1k21	P00734
1k22	P00734
1k27	Q13126
1kak	P18031
1kdk	P04278
1ke5	P24941
1ke6	P24941
1ke7	P24941
1ke8	P24941
1ke9	P24941
1kjr	P17931
1kkq	Q07869,Q9Y618
1kmv	P00374
1koj	Q9N1E2
1kti	P00489
1ktt	P00734
1kv1	Q16539
1kv2	Q16539
1kvo	P14555
1kwq	P00918
1kwr	P00918
1kyn	P08311
1kz8	P00636
1kzn	P0AES6
1l2s	P00811
1l8g	P18031
1lbk	P08263,P09211
1lev	P00636
1lf3	P46925
1lfo	P02692
1lgw	P00720
1lhf	P00734
1lhu	P04278
1lhv	P04278
1lhw	P04278
1li3	P00720
1li6	P00720
1ljt	P14174
1lkk	P06239
1lkl	P06239
1loq	O26232
1lor	O26232
1los	O26232
1lpg	P00742
1lpk	P00742
1lpz	P00742
1lqd	P00742
1lqf	P18031
1lv8	P55859
1lyb	P07339
1m13	O75469
1m5b	P19491
1mdl	P11444
1me3	P25779
1me4	P25779
1mhw	P07711
1mmp	P09237
1mmq	P09237
1mnc	P22894
1mns	P11444
1mq5	P00742
1mq6	P00742
1mrn	P9WKE1
1mrs	P9WKE1
1ms6	P25774
1mu6	P00734
1mu8	P00734
1my2	P19491
1my4	P19491
1n1m	P27487
1n2v	P28720
1n46	P10828
1n5r	P21836
1n7i	P11086
1n7j	P11086
1n94	Q02293,Q04631
1nax	P10828
1nd5	P15309
1nde	Q92731
1ndy	P56658
1nfu	P00742
1nfw	P00742
1nfx	P00742
1nfy	P00742
1nhx	P35558
1nhz	P04150
1njd	P00469
1nje	P00469
1njs	P22102
1nl6	P43235
1nl9	P18031
1nlj	P43235
1nm6	P00734
1nmk	P62937
1nms	P42574
1nny	P18031
1no6	P18031
1np0	P07686
1npz	P25774
1nt1	P00734
1nu8	P27487
1nvq	O14757
1nvr	O14757
1nvs	O14757
1nwl	P18031
1ny2	P01042,P00734
1nyx	P37231
1nz7	P18031
1o0d	P00734
1o0m	P61823
1o0n	P61823
1o2g	P00734
1o3p	P00749
1o42	P12931
1o43	P12931
1o44	P12931
1o46	P12931
1o49	P12931
1o4a	P12931
1o4e	P12931
1o4f	P12931
1o4h	P12931
1o4j	P12931
1o4k	P12931
1o4o	P12931
1o4p	P12931
1o5a	P00749
1o5c	P00749
1o5e	P05981
1o5g	P00734
1o5m	Q02293,Q04631
1o6h	P33247
1o6q	P33247
1o79	P33247
1o86	P12821
1oe0	Q9XZT6
1ogg	P11797
1ogu	P20248,P24941
1oiq	P24941
1oir	P24941
1oit	P24941
1okl	P00918
1oko	Q05097
1okv	P20248,P24941
1oky	O15530
1ol1	P20248,P24941
1ony	P18031
1onz	P18031
1oq5	P00918
1oth	P00480
1ouk	Q16539
1ove	Q16539
1owd	P00749
1owe	P00749
1owh	P00749
1owi	P00749
1owj	P00749
1owk	P00749
1oyn	Q08499
1oyt	P00734
1p2a	P24941
1p4r	P31939
1p57	P05981
1p93	P04150
1pb8	P35439
1pb9	P35439
1pbq	P35439
1pf7	P00491
1pfy	P00959
1pgp	P00349
1ph0	P18031
1pl0	P31939
1pmn	P53779
1pmu	P53779
1pmv	P53779
1pop	P00784
1ppc	P00760
1pph	P00760
1ppl	P00798
1ppm	P00798
1pq6	P55055
1pqc	P55055
1pw6	P60568
1pwp	P15917
1pwy	P00491
1pxh	P18031
1pxj	P24941
1py2	P60568
1py5	P36897
1pye	P24941
1pyn	P18031
1q0b	P52732
1q1m	P18031
1q1y	P68826
1q3d	P49841
1q3w	P49841
1q41	P49841
1q4x	P10828
1q5k	P49841
1q6j	P18031
1q6k	P43235
1q6m	P18031
1q6n	P18031
1q6s	P18031
1q83	P21836
1q84	P21836
1qb6	P00760
1qbn	P00760
1qbo	P00760
1qbv	P00734
1qcp	P00760
1qf1	P00800
1qfs	P23687
1qhc	P61823
1qhr	P00734
1qin	Q04760
1qj1	P00734
1qkn	Q62986
1qkt	P03372
1qku	P03372
1qm4	P13444
1qpe	P06239
1qti	P04058
1qtn	Q14790
1qxk	P18031
1r0p	P08581
1r1i	P08473
1r1j	P08473
1r58	P50579
1r5g	P50579
1r5h	P50579
1r6g	P10828
1r78	P24941
1rbp	P02753
1rdt	P19793,P37231,Q92793,Q15788
1re1	P42574
1rhj	P42574
1rhm	P42574
1rhq	P42574
1rhr	P42574
1rhu	P42574
1riw	P00734
1rjk	P13053
1rmz	P39900
1rne	P00797
1ro6	Q07343
1rr6	P00491
1rs4	P56740
1rt9	P00491
1ru2	P26281
1rv1	Q00987
1rw8	P36897
1rwq	P27487
1rww	P29466
1rwx	P29466
1ryh	P63000
1s19	P11473
1s26	P40136,P0DP23
1s50	P42260
1s64	P53610,Q04631
1s9t	P42260
1sb1	P00734
1sc8	P00749
1shd	P12931
1sj0	P03372
1sln	P08254
1sm2	Q08881
1sme	P46925
1snk	P43235
1so2	Q13370
1soj	Q13370
1sqa	P00749
1sqn	P06401
1sqo	P00749
1stc	P00517
1sve	P00517
1swr	P22629
1syh	P19491
1t1s	P45568
1t31	P23946
1t32	P08311
1t46	P10721
1t48	P18031
1t4e	Q00987
1t4j	P18031
1t4v	P00734
1t69	Q9BY41
1ta2	P00734
1ta6	P00734
1tbz	P00734
1tfq	P98170
1tft	P98170
1thl	P00800
1tlp	P00800
1tmb	P00734
1tmn	P00800
1tng	P00760
1tnk	P00760
1tom	P00734
1tou	P15090
1tow	P15090
1tqf	P56817
1tr7	P08191
1tsl	P00469
1tsv	P00469
1tt1	P42260
1ttm	P00918
1tu6	P43235
1tvo	P28482
1txr	Q01693
1u2y	P04746
1u32	P36873
1u33	P04746
1u3q	Q92731
1u3r	Q15788,Q92731
1u3s	Q15788,Q92731
1u59	P43403
1u65	P04058
1u6q	P00749
1u71	P00374
1u9e	Q92731
1u9q	P25779
1u9v	P43235
1u9w	P43235
1u9x	P43235
1udt	O76074
1udu	O76074
1uho	O76074
1uk0	P09874
1uk1	P09874
1ung	Q00535,Q15078
1unl	Q00535,Q15078
1uom	P03372
1uou	P19971
1urc	P20248,P24941
1usn	P08254
1uto	P00760
1utp	P00760
1utz	P39900
1uu7	O15530
1uv5	P49841
1uv6	P58154
1uvs	P00734
1uvt	P00735
1uw6	P58154
1uwh	P15056
1uy6	P07900
1uyd	P07900
1uym	P08238
1uze	P12821
1v1k	P24941
1v2n	P00760
1v2t	P00760
1v3x	P00742
1v48	P55859
1v79	P56658
1v7a	P56658
1veb	P00517
1vfn	P55859
1vj5	P34913
1vja	P00749
1vjy	P36897
1vsn	P43235
1vso	P22756
1vyq	Q8II92
1vyw	P20248,P24941
1vyz	P24941
1w0x	P24941
1w0y	P13726,P08709
1w0z	P00749
1w11	P00749
1w13	P00749
1w14	P00749
1w2g	P9WKE1
1w2h	P9WKE1
1w2k	P13726,P08709
1w4l	P04058
1w6h	P46925
1w6j	P48449
1w6r	P04058
1w7g	P00734
1w7x	P08709
1w82	Q16539
1w83	Q16539
1wax	P18031
1wbn	Q16539
1wbt	Q16539
1wbw	Q16539
1wcc	P24941
1wm1	O32449
1wok	P09874
1wqv	P13726,P08709
1wss	P13726,P08709
1wu1	P00742
1wug	Q92831
1wum	Q92831
1wvj	P19491
1wzy	P28482
1x0n	P62993
1x70	P27487
1x76	Q15788,Q92731
1x78	Q15788,Q92731
1x7b	Q15788,Q92731
1x7e	P03372
1x7r	P03372
1x8b	P30291
1xap	P10826
1xbb	P43405
1xbc	P43405
1xbo	P18031
1xfv	P40136,P0DP23
1xgj	P00811
1xhy	P19491
1xjd	Q04759
1xka	P00742
1xkk	P00533
1xlx	Q07343
1xm4	Q07343
1xm6	Q07343
1xmu	Q07343
1xmy	Q07343
1xn0	Q07343
1xnx	O35627
1xnz	P0AE18
1xo2	Q00534
1xom	Q08499
1xon	Q08499
1xoq	Q08499
1xor	Q08499
1xot	Q07343
1xow	P10275
1xoz	O76074
1xp0	O76074
1xp1	P03372
1xp6	P03372
1xp9	P03372
1xpc	P03372
1xqc	P03372
1xs7	P56817
1xuc	P45452
1xud	P45452
1xur	P45452
1xzx	P10828
1y2b	Q08499
1y2d	Q08499
1y2f	P77173
1y2g	P77173
1y2h	Q07343
1y2j	Q07343
1y57	P12931
1y6a	P35968
1y6b	P35968
1y91	P24941
1yc1	P07900
1yc4	P07900
1ydk	P08263
1yet	P07900
1yhs	P11309
1yi3	P11309
1yk7	P43235
1ym2	P56817
1ym4	P56817
1yon	P0A9J4
1you	P45452
1ypj	P00734
1yqy	P15917
1yrs	P52732
1ysg	Q07817
1ysi	Q07817
1yt7	P43235
1yvm	P0AE18
1yw7	P50579
1yw8	P50579
1yxd	P0A6L2
1yy4	Q15788,Q92731
1yye	Q15788,Q92731
1yz3	P11086
1z3j	P39900
1z5m	O15530
1z6e	P00742
1z6j	P13726,P08709
1z6q	P00489
1z6s	P61823
1z71	P00734
1z95	P10275
1z9g	P00800
1z9y	P00918
1zaf	Q15788,Q92731
1zaj	P00883
1zd3	P34913
1zd4	P34913
1zd5	P34913
1zdp	P00800
1zeo	P37231
1zfk	P00918
1zfp	P62993
1zfq	P00918
1zgb	P04058
1zge	P00918
1zgi	P00734
1zgv	P00734
1zkl	Q13946
1zkn	Q08499
1zky	P03372
1zom	P03951
1zp5	P22894
1zrz	P41743
1zs0	P22894
1ztq	P45452
1zuc	P06401
1zvx	P22894
1zxc	P78536
1zxv	P15917
1zyj	Q16539
1zz1	Q70I53
1zz2	Q16539
1zzl	Q16539
2a14	O95050
2a2x	P00734
2a3c	Q873X9
2a4l	P24941
2a4z	P48736
2a5u	P48736
2a8g	P02701
2a8h	P78536
2aa6	P08235
2adu	P50579
2aei	P13726,P08709
2agv	P04191
2aj8	P22411
2ajb	P22411
2ajl	P27487
2al5	P19491
2alv	P0C6X7,P0C6U8
2am1	Q8DNV6
2am2	Q8DNV6
2am9	P10275
2ama	P10275
2amt	P62617
2ank	P00734
2anm	P00734
2aou	P50135
2ath	P37231
2aux	P43235
2auz	P43235
2aw1	P00918
2ax6	P10275
2ax9	P10275
2ayp	O14757
2ayr	P03372
2az5	P01375
2b07	P18031
2b1p	P53779
2b1v	P03372
2b1z	P03372
2b52	P24941
2b53	P24941
2b55	P24941
2b7a	O60674
2b7d	P13726,P08709
2b8l	P56817
2b8v	P56817
2baj	Q16539
2bak	Q16539
2bal	Q16539
2bdf	P12931
2bdj	P12931
2bdl	P43235
2bdy	P00734
2bes	P9WKD7
2bgd	P18031
2bge	P18031
2bgr	P27487
2bks	P00797
2bkt	P00797
2bmg	P00742
2boh	P00742
2bpm	P20248,P24941
2bq6	P00742
2bq7	P00742
2bqw	P00742
2brb	O14757
2brc	P02829
2bro	O14757
2bu5	Q15119
2bua	P22411
2bub	P27487
2bvx	P00734
2bxu	P00734
2bys	Q8WSF8
2bza	P00760
2bzz	P10153
2c0o	P08631
2c3i	P11309
2c3j	O14757
2c3k	O14757
2c3l	O14757
2c4f	P13726,P08709
2c4g	P20248,P24941
2c4v	Q48255
2c57	Q48255
2c5n	P20248,P24941
2c5o	P20248,P24941
2c68	P24941
2c6e	O14965
2c6g	Q04609
2c6i	P24941
2c6k	P24941
2c6l	P24941
2c8w	P00734
2c8x	P00734
2c8y	P00734
2c90	P00734
2c93	P00734
2cf9	P00734
2chm	O76074,Q07343
2chw	P48736
2chz	P48736
2cji	P00742
2ckm	P04058
2cm7	P18031
2cma	P18031
2cmb	P18031
2cmc	P18031
2cmf	P04058
2cn8	O96017
2cnf	P18031
2cng	P18031
2cnh	P18031
2cni	P18031
2cvd	O60760
2ddf	P78536
2dq7	P06241
2duv	P24941
2e2b	P00519
2e9n	O14757
2e9o	O14757
2e9u	O14757
2e9v	O14757
2ea2	P50579
2ea4	P50579
2ei6	P00742
2esm	Q13464
2etm	Q05397
2etr	Q13464
2euf	Q00534
2evc	P0AE18
2evm	P0AE18
2ewa	P47811
2ewp	P62508
2exc	P53779
2exm	P24941
2f10	Q9Y3R4
2f14	P00918
2f1g	P25774
2f2c	Q00534
2f34	P22756
2f35	P22756
2f3e	P56817
2f3f	P56817
2f4b	P37231
2f4j	P00519
2f6t	P18031
2f6v	P18031
2f6z	P18031
2f70	P18031
2f71	P18031
2f9b	P13726,P08709
2fai	P03372
2fb8	P15056
2fdp	P56817
2feq	P00734
2fes	P00734
2fgi	P11362
2fhy	P09467
2fie	P09467
2fix	P09467
2fjm	P18031
2fjn	P18031
2fjp	P27487
2fky	P52732
2fl2	P52732
2flr	P13726,P08709
2fme	P52732
2fqt	O34667
2fv5	P78536
2fvd	P24941
2fw3	P18886
2fwz	P07900
2fzz	P00742
2g00	P00742
2g01	P45983
2g0g	P37231
2g0h	P37231
2g1q	P52732
2g1r	P00797
2g1y	P00797
2g24	P00797
2g5p	P27487
2g5t	P27487
2g5u	P02766
2g63	P27487
2g6p	P53582
2g70	P11086
2g71	P11086
2g72	P11086
2g8n	P11086
2g8r	P61823
2g94	P56817
2g9q	P00489
2g9r	P00489
2g9v	P00489
2g9x	P30274,P24941
2ga2	P50579
2gbi	P14740
2gd8	P00918
2gde	P00734
2gdo	O14757
2gfd	P41148
2gfs	Q16539
2giu	Q92731
2gm1	P52732
2gmv	P35558
2gmx	P45983
2gpp	P62508
2gtk	P37231,Q15788
2gv6	Q9Y5Y6
2gv7	Q9Y5Y6
2gvd	P26769
2gvz	P26769
2gz7	P0C6X7,P0C6U8
2gz8	P0C6X7,P0C6U8
2gzl	P62617
2h02	P23467
2h03	P23467
2h15	P00918
2h42	O76074
2h44	O76074
2h4k	P18031
2h4n	P00918
2h5i	P42574
2h65	P42574
2h8h	P12931
2h96	P45983
2h9n	P61964
2ha4	P21836
2ha6	P21836
2hb1	P18031
2hd6	P00918
2hdq	P00811
2hdr	P00811
2hds	P00811
2hdu	P00811
2hfp	P37231,Q15788
2hh5	P25774
2hhn	P25774
2hiz	P56817
2hk5	P08631
2hl4	P00918
2hm1	P56817
2hnx	P15090
2hoc	P00918
2hog	O14757
2hqu	P33316
2hvc	P10275
2hvx	P23946
2hxl	O14757
2hxm	P13051
2hxq	O14757
2hy0	O14757
2hyy	P00519
2hz4	P00519
2hzi	P00519
2i03	P27487
2i0e	P05771
2i0g	Q92731
2i0h	Q16539
2i0j	P03372
2i0y	P07333
2i3z	P14740
2i40	P20248,P24941
2i47	P78536
2i4j	P37231
2i4z	P37231
2i6a	P55263
2i6b	P55263
2ie4	P67775
2ieh	P52732
2igx	P46925
2igy	P46925
2ihq	P15207
2iit	P27487
2iiv	P27487
2iku	P00797
2il2	P00797
2ilp	P0DPI0
2ima	P0DPI0
2in6	P30291
2io6	P30291
2iog	P03372
2iok	P03372
2iqg	P56817
2irz	P56817
2is0	P56817
2itk	Q13526
2ito	P00533
2itp	P00533
2itt	P00533
2ity	P00533
2itz	P00533
2iuz	Q873X9
2ivu	P07949
2iw6	P20248,P24941
2iw9	P20248,P24941
2j2i	P11309
2j2u	P00742
2j34	P00742
2j4a	P10828
2j4i	P00742
2j4z	O14965
2j50	O14965
2j6m	P00533
2j7x	Q62986
2j94	P00742
2j95	P00742
2j9h	P09211
2jaj	O94760
2jbo	P49137
2jbp	P49137
2jdo	P31751,P49841
2jew	P09955
2jfz	Q9ZLT0
2jh0	P00734
2jh6	P00734
2jiu	P00533
2jj3	Q92731
2jjk	P09467
2jk7	P98170
2jnp	P08254
2jt5	P08254
2jt6	P08254
2k2g	P39900
2kce	P0A884
2l84	Q92793
2lkk	P07148
2n0u	O15151
2nmx	P00915
2nn1	P00915
2nn8	P17931
2nng	P00918
2nnq	P15090
2nns	P00918
2nnv	P00918
2no3	P45983
2np8	O14965
2nsx	P04062
2nt7	P18031
2nta	P18031
2nv7	Q15788,Q92731
2nw4	P15207
2nww	O59010
2o0u	P53779
2o1v	P41148
2o22	P10415
2o2u	P53779
2o3z	O67648
2o4j	P13053
2o4r	P13053
2o5k	P49841
2o63	P11309
2o9i	O75469
2oag	P27487
2oah	P56817
2oax	P08235
2oaz	P50579
2obf	P11086
2obj	P11309
2oc4	P00491
2oc9	P00491
2of2	P06239
2of4	P06239
2ofu	P06239
2ofv	P06239
2og8	P06239
2ogz	P27487
2oh4	P35968
2ohk	P56817
2ohl	P56817
2ohm	P56817
2ohp	P56817
2ohq	P56817
2ohr	P56817
2ohs	P56817
2oht	P56817
2oi0	P78536
2oic	Q9NWZ3
2oiq	P00523
2ojg	P28482
2oji	P28482
2ojj	P28482
2ok1	P53779
2ole	P27487
2on6	P00491
2onc	P27487
2ony	P11086
2onz	P11086
2oo8	Q02763
2ooh	P14174
2ooz	P14174
2op3	P25774
2opb	P11086
2oph	P27487
2opy	P98170
2oq6	O75164
2oqi	P27487
2oqv	P27487
2or4	Q04609
2osc	Q02763
2ovx	P14780
2ow0	P14780
2ow3	P49841
2ow9	P45452
2owb	P53350
2oz2	P25779
2oz5	P96830
2oz7	P10275
2ozr	P45452
2p15	P03372
2p16	P00742
2p2i	P35968
2p33	P53779
2p3g	P49137
2p4i	Q02763
2p4j	P56817
2p4y	P37231
2p7g	P62508
2p7z	P62508
2p83	P56817
2p8h	P56817
2p8s	P27487
2p93	P00742
2p94	P00742
2p95	P00742
2p98	P0AE18
2pbw	P22756
2pe0	O15530
2pe2	O15530
2pg2	P52732
2pgj	P28907
2pgl	P28907
2ph6	P56817
2ph8	P56817
2phb	P00742
2pjl	P11474
2pjt	P45452
2pl0	P06239
2pog	P03372
2pou	P00918
2pov	P00918
2pow	P00918
2pri	P00489
2prj	P00489
2pu2	P00811
2pvh	P28523
2pvj	P28523
2pvn	P28523
2pzy	P49137
2q11	P56817
2q15	P56817
2q1j	P00742
2q1q	P00918
2q2y	P52732
2q38	P00918
2q3z	P21980
2q6c	P04035
2q7m	P20292
2q8s	P37231
2q92	P0AE18
2q93	P0AE18
2q96	P0AE18
2qa8	P03372
2qbp	P18031
2qbq	P18031
2qbs	P18031
2qcf	P11172
2qcg	P11172
2qcm	P11172
2qd9	Q16539
2qe4	P03372
2qhn	O14757
2qi7	P03369
2qiq	P0C6X7
2qk8	Q81R22
2qlb	P55210
2qln	P00489
2qlq	P00523
2qmd	P56817
2qmf	P56817
2qmg	P56817
2qmj	O43451
2qn1	P00489
2qn2	P00489
2qn3	P00489
2qnb	P00489
2qo8	P00918
2qoa	P00918
2qoe	P27487
2qp6	P00918
2qp8	P56817
2qrg	P00489
2qrh	P00489
2qrm	P00489
2qt9	P27487
2qtb	P27487
2qtu	Q92731
2qu2	P56817
2qu3	P56817
2qu5	P35968
2qu6	P35968
2qyk	P27815
2qyl	Q07343
2qyn	Q08499
2qzk	P56817
2qzl	P56817
2r0u	O14757
2r2l	Q02293,Q04631
2r2m	P00734
2r2w	P00749
2r3f	P24941
2r3i	P24941
2r4b	Q15303
2r64	P24941
2r6n	P43235
2r6w	P03372
2r6y	P03372
2r7b	O15530
2r8q	Q6S996
2r9m	P25774
2r9w	P00811
2r9x	P00811
2ra0	P00742
2rcb	Q8VHN2
2rcw	P09874
2rd6	P09874
2rfn	P08581
2rg6	Q16539
2rgp	P00533
2rgu	P27487
2rip	P27487
2rjp	O75173
2rku	P53350
2rl5	P35968
2rox	P02766
2srt	P08254
2tmn	P00800
2tsr	P45352
2uue	P20248,P24941
2uup	P14900
2uvm	P31749
2uwd	P07900
2uwl	P00742
2uwo	P00742
2uy3	P29029
2uy4	P29029
2uy5	P29029
2uyi	P52732
2uym	P52732
2uz9	Q9Y2T3
2uzd	P20248,P24941
2uze	P20248,P24941
2uzl	P20248,P24941
2uzo	P24941
2v00	P11838
2v0z	P00797
2v10	P00797
2v11	P00797
2v12	P00797
2v16	P00797
2v3d	P04062
2v3e	P04062
2v7a	P00519
2va5	P56817
2vb8	P0A953
2vci	P07900
2vcw	O60760
2vcx	O60760
2vd0	O60760
2vd1	O60760
2vd7	O75164
2veu	P18031
2vev	P18031
2vew	P18031
2vex	P18031
2vey	P18031
2vh0	P00742
2vh6	P00742
2vie	P56817
2vio	P00749
2vip	P00749
2viq	P00749
2viv	P00749
2viy	P56817
2viz	P56817
2vj6	P56817
2vj7	P56817
2vj8	P09960
2vj9	P56817
2vkm	P56817
2vl4	Q8AAK6
2vle	P05091
2vmf	Q8AAK6
2vnm	P56817
2vnn	P56817
2vnt	P00749
2vot	Q8AAK6
2vpp	Q9XZT6
2vqm	P56524
2vr4	Q8AAK6
2vrx	Q6DE08
2vsl	P98170
2vta	P24941
2vth	P24941
2vti	P24941
2vtj	P24941
2vtl	P24941
2vtm	P24941
2vtn	P24941
2vto	P24941
2vtq	P24941
2vts	P24941
2vtt	P24941
2vv9	P24941
2vvc	P00742
2vvt	Q836J0
2vvu	P00742
2vvv	P00742
2vwl	P00742
2vwm	P00742
2vwu	P54760
2vwv	P54760
2vww	P54760
2vwx	P54760
2vwy	P54760
2vwz	P54760
2vx0	P54760
2vx1	P54760
2w05	P24941
2w06	P24941
2w17	P24941
2w1c	O14965
2w1d	O14965
2w1e	O14965
2w1f	O14965
2w1g	O14965
2w1h	P24941
2w1i	O60674
2w26	P00742
2w2i	B2RXH2
2w3i	P00742
2w3k	P00742
2w3l	P10415
2w4i	Q9ZLT0
2w54	O54050
2w5g	P61823
2w8f	Q8WSF8
2w8g	Q8WSF8
2w8y	P06401
2w9h	P0A017
2wbb	P09467
2wcx	P26663
2wd1	P08581
2wd3	P00918
2weo	P00918
2wer	P02829
2wev	P20248,P24941
2wey	Q9Y233
2wez	P56817
2wf0	P56817
2wf2	P56817
2wf3	P56817
2wf4	P56817
2wgj	P08581
2wi3	P07900
2wih	P20248,P24941
2wj1	P97612
2wj2	P97612
2wks	Q48255
2wmr	O14757
2wmu	O14757
2wmv	O14757
2wmw	O14757
2wmx	O14757
2wo8	P39900
2wo9	P39900
2wot	P36897
2wou	P36897
2wpa	P20248,P24941
2wqb	Q02763
2wtc	O96017
2wtd	O96017
2wtv	O14965
2wu6	P49761
2wu7	P49761
2wvz	Q8A0N1
2ww0	Q8A0N1
2wwj	O75164
2wxv	P20248,P24941
2wyg	P00742
2wyj	P00742
2x2k	P07949
2x2l	P07949
2x2m	P07949
2x2r	P52732
2x38	O35904
2x39	P31751,P49841
2x4z	O96013
2x6d	O14965
2x6e	O14965
2x7c	P52732
2x7d	P52732
2x7o	P36897
2x81	O14965
2x8e	O14757
2x8i	O14757
2x9e	P33981
2x9f	P54760
2xa4	O60674
2xae	P52732
2xb7	Q9UM73
2xba	Q9UM73
2xbv	P00742
2xbw	P00742
2xbx	P00742
2xc0	P00742
2xc4	P00742
2xcg	P27338
2xdk	P07900
2xdw	P23687
2xdx	P07900
2xei	Q04609
2xej	Q04609
2xey	O14757
2xez	O14757
2xf0	O14757
2xfi	P56817
2xfj	P56817
2xfk	P56817
2xg3	P17931
2xg5	P15319
2xh5	P31751,P49841
2xhx	P07900
2xj1	P11309
2xj2	P11309
2xjg	P07900
2xk7	P51955
2xk8	P51955
2xkd	P51955
2xke	P51955
2xkf	P51955
2xm8	O96017
2xm9	O96017
2xml	Q9H3R0
2xnb	P24941
2xne	O14965
2xnm	P51955
2xnn	P51955
2xnp	P51955
2xp5	Q13526
2xp7	Q13526
2xp8	Q13526
2xpa	Q13526
2xpb	Q13526
2xru	O14965
2xu3	P07711
2xu5	P07711
2xvd	P54760
2xwe	P04062
2xwy	P26663
2xxy	P42260
2xyn	P42684
2xzg	Q00610
2y0j	Q9Y233
2y1g	P9WNS1
2y1w	Q86X55
2y1x	Q86X55
2y54	Q8WSF8
2y56	Q8WSF8
2y57	Q8WSF8
2y5f	P00742
2y5g	P00742
2y5h	P00742
2y6c	P09237
2y6d	P09237
2y71	P9WPX7
2y77	P9WPX7
2y7x	P00742
2y7z	P00742
2y80	P00742
2y81	P00742
2y82	P00742
2y8c	Q8II92
2ya6	P62575
2yaz	O15826
2yb0	O15826
2yb9	P08473
2ybk	O75164
2ybp	O75164
2ycm	P69834
2ydi	O14757
2ydj	O14757
2ydk	O14757
2ydm	P12821
2ydo	P29274
2ydv	P29274
2ydw	P25440
2yek	P25440
2yel	O60885
2yem	O60885
2yer	O14757
2yex	O14757
2yfe	P37231
2yhd	P10275
2yi0	P07900
2yi7	P07900
2yig	P45452
2yis	Q16539
2yiw	Q16539
2yix	Q16539
2yj2	P07711
2yj8	P07711
2yj9	P07711
2yjb	P07711
2yjc	P07711
2yjw	P07900
2ylo	P10275
2ylq	P10275
2ym3	O14757
2ym4	O14757
2ym5	O14757
2ym6	O14757
2ym7	O14757
2ym8	O14757
2yof	Q8I4S1
2yoh	Q8I4S1
2yol	P06935
2ywp	O14757
2yxj	Q07817
2z4b	Q92731
2z7g	P56658
2z7r	Q15418
2za0	Q9CPU0
2za3	Q8T6J6
2zaz	Q16539
2zb0	Q16539
2zb1	Q16539
2zc9	P00734
2zda	P00734
2zdk	P00760
2zdn	P00760
2zdz	P56817
2ze1	P56817
2zfp	P00734
2zgx	P00734
2zjf	P95276
2zjw	P68400
2zm3	P08069
2zmd	P33981
2zmj	P13053
2zmm	P18031
2zns	P39086
2znt	P39086
2zo3	P00734
2zp0	P13726,P08709
2zu3	P03313
2zu5	P0C6U8
2zv2	Q96RR4
2zy1	A9JQL9
2zyb	P06239
2zz1	O26232
3a29	P09467
3a4o	P07948
3a4p	P08581
3ads	P37231
3adu	P37231
3ai8	P07858
3amv	P00489
3anr	Q13627
3ans	P34913
3ant	P34913
3aox	Q9UM73
3ap7	O00214
3aqa	P25440
3ara	P33316
3arn	P33316
3asx	P37268
3at4	P68400
3b0w	P51449
3b1m	Q9UBK2,P37231
3b1t	Q9UM07
3b1u	Q9UM07
3b25	P07900
3b26	P07900
3b27	P07900
3b28	P07900
3b2w	P06239
3b3x	P00808
3b4f	P00918
3b66	P10275
3b68	P10275
3b7u	P09960
3b8q	P35968
3b8r	P35968
3b92	P78536
3bbt	Q15303
3bc5	P37231
3be2	P35968
3be9	P28523
3bea	P07333,Q02763
3bel	P00533
3bet	P00918
3bgp	P11309
3bgq	P11309
3bgz	P11309
3bi0	Q04609
3bi6	P30291
3biz	P30291
3bjc	O76074
3bjm	P27487
3bkk	P12821
3bkl	P12821
3bl1	P00918
3bl7	Q96C86
3bl9	Q96C86
3bla	Q96C86
3blr	O60563,P50750
3bm9	P07900
3bmy	P07900
3bqc	P68400
3bv2	Q16539
3bv3	Q16539
3bv9	P00734
3bvb	P03367
3bx5	Q16539
3bym	P06239
3byo	P06239
3bys	P06239
3byu	P06239
3bz3	Q05397
3bzi	P30307,P53350
3c10	Q8WUI4
3c1x	P08581
3c43	P27487
3c45	P27487
3c49	Q9Y6F1
3c4f	P11362
3c4h	Q9Y6F1
3c56	P56109
3c5u	Q16539
3c7q	P35968
3c84	Q8WSF8
3c9e	P43235
3caj	P00918
3cbp	Q8WTS6,P03372
3ccb	P27487
3ccc	P27487
3ccn	P08581
3cct	P04035
3ccw	P04035
3ccz	P04035
3cd0	P04035
3cd5	P04035
3cd7	P04035
3cd8	P08581
3cda	P04035
3cdb	P04035
3ce3	P08581
3cen	P00742
3cfn	P02766
3cft	P02766
3cgo	P53779
3cgy	P0DM80
3chd	Q873X9
3cho	P09960
3chp	P09960
3chq	P09960
3chr	P09960
3chs	P09960
3cib	P56817
3cic	P56817
3cid	P56817
3cjf	P35968
3cjo	P52732
3ckp	P56817
3ckr	P56817
3cm2	P98170
3cm7	P98170
3cn0	P02766
3coh	O14965
3cow	P9WIL5
3coy	P9WIL5
3cp9	P35968
3cpb	P35968
3cqu	P31749,P49841
3cqw	P31749,P49841
3cs7	P00742
3cth	P08581
3ctj	P08581
3ctt	O43451
3cwe	P18031
3czv	Q8N1Q1
3d0e	P31751
3d2t	P02766
3d3p	Q07343
3d4l	P27487
3d6q	P61823
3d7b	P61823
3d7f	Q04609
3d7g	Q04609
3d7h	Q04609
3d7z	Q16539
3d83	Q16539
3d8w	P00918
3d8y	P61823
3d8z	P61823
3d91	P00797
3d94	P08069
3da6	P53779
3da9	P00734
3dbs	P48736
3dbu	P00918
3dc3	P00918
3dcc	P00918
3dcs	P00918
3dct	Q96RI1,Q15788
3dcv	P11309
3dcw	P00918
3dd0	P00918
3dd8	P00918
3ddq	P30274,P24941
3deh	P42574
3dei	P42574
3dej	P42574
3dek	P42574
3dgq	P09211
3dhk	P00734
3djo	P00669
3djq	P00669
3djv	P00669
3dkf	P08581
3dln	P19492
3dng	P22894
3dog	P30274,P24941
3dp9	Q9KPI8
3dpd	P48736
3dpe	P22894
3dpk	P07333,P11362
3ds6	Q16539
3dt1	Q16539
3du8	P49841
3dux	P00734
3duy	P56817
3dv1	P56817
3dv5	P56817
3dy6	Q03181
3dz2	P17707
3dz4	P17707
3dz5	P17707
3dz6	P17707
3e0p	Q16651
3e16	Q16651
3e2m	P20701
3e3b	P19784
3e3u	P9WIJ3
3e4a	P14735
3e5a	Q9ULW0,O14965
3e62	O60674
3e63	O60674
3e64	O60674
3e8n	Q02750
3e8r	P78536
3e90	P06935
3e92	Q16539
3e93	Q16539
3ebh	O96935
3ecn	O60658
3efj	P08581
3efk	P08581
3efw	O14965
3ehx	P39900
3eid	P20248,P24941
3eig	P00374
3eio	P27487
3ej1	P20248,P24941
3ekn	P06213
3ekp	P03369
3ekv	P03369
3el8	P00523
3elj	P45983
3elm	P45452
3emg	P43405
3emh	Q03164,P61964
3eoc	P20248,P24941
3eqr	Q07912
3ert	P03372
3et7	Q14289
3ewh	P35968
3ewj	P78536
3ewz	P11172
3exo	P56817
3eyg	P23458
3eyl	P98170
3ezr	P24941
3ezv	P24941
3f07	Q9BY41
3f0r	Q9BY41
3f16	P39900
3f17	P39900
3f18	P39900
3f2a	P11309
3f3t	P00523
3f3u	P00523
3f3v	P00523
3f3w	P00523
3f5p	P08069
3f66	P08581
3f68	P00734
3f69	P9WI81
3f7b	P22748
3f7u	P22748
3f7z	P49841
3f82	P08581
3f88	P49841
3f8e	P00918
3f8s	P27487
3f9n	O14757
3faa	P36897
3fas	P19493
3fc2	P53350
3ff6	O00763
3ffg	P00742
3ffp	P00918
3fh5	P09960
3fh7	P09960
3fh8	P09960
3fhe	P09960
3fhr	Q16644
3fi3	P53779
3fjz	P0A6D3
3fl9	Q81R22
3fmz	P02753
3fpd	Q9H9B1
3fqe	P43405
3fqh	P43405
3fqs	P43405
3fr4	P15090
3fr5	P15090
3frg	Q07343
3fts	P09960
3ftu	P09960
3ftv	P09960
3fty	P09960
3fu0	P09960
3fu3	P09960
3fu5	P09960
3fu6	P09960
3fuc	P55859
3fud	P09960
3fue	P09960
3fui	P09960
3fuk	P09960
3fun	P09960
3fup	O60674
3fur	P37231,Q15788
3fuz	P39086
3fv8	P53779
3fw3	P22748
3fwv	P08238
3fxv	Q96RI1,Q15788
3fxw	Q16644
3fyj	P49137
3fyk	P49137
3fzr	Q14289
3fzs	Q14289
3fzt	Q14289
3g0b	P27487
3g0c	P27487
3g0d	P27487
3g0e	P10721
3g0f	P10721
3g0g	P27487
3g0w	P15207
3g1d	O26232
3g1m	P9WMC1
3g1v	O26232
3g2h	P00489
3g2i	P00489
3g2j	P00489
3g2k	P00489
3g2n	P00489
3g3n	Q13946
3g42	P78536
3g45	Q07343
3g4k	Q08499
3g4l	Q08499
3g58	Q08499
3g5d	P00523
3g5k	Q9HBH1
3g6z	P00797
3g70	P00797
3g72	P00797
3g8i	Q07869,Q15788
3g8o	P06401
3g90	P53779
3g9e	P37231,Q15788
3g9l	P53779
3g9n	P53779
3gc7	Q16539
3gcp	Q16539
3gcq	Q16539
3gcu	Q16539
3gcv	Q16539
3gdt	P03962
3gen	Q06187
3gep	P00492
3gfw	P33981
3ggc	P00492
3gjs	P42574
3gjt	P42574
3gjw	P09874
3gn7	P09874
3gp0	Q15759
3gt9	Q96CA5
3gta	Q96CA5
3gus	P09211
3gvu	P42684
3gw5	P00797
3gws	P10828
3gwt	Q07343
3gwx	Q03181
3gxl	P36897
3gxt	P06280
3gz9	Q03181
3gzn	Q13564,Q15843,Q8TBC4
3h03	P19491
3h0a	P19793,P37231,Q15788
3h0b	P56817
3h0e	P42574
3h0w	P17707
3h0y	O14965
3h0z	O14965
3h26	Q81VW8
3h2f	Q81VW8
3h2o	Q81VW8
3h30	P68400
3h3c	Q14289
3h8c	P07711
3h9f	P33981
3h9k	P04818
3h9o	O15530
3ha6	Q9ULW0,O14965
3hab	P27487
3hac	P27487
3hb4	P14061
3hb8	P04818
3hc8	O76074,Q07343
3hdm	O00141
3hdn	O00141
3hec	Q16539
3heg	Q16539
3hf6	P17752
3hf8	P17752
3hfb	P17752
3hha	P07711
3hhm	P27986,P42336
3hig	P19801
3hii	P19801
3hjo	P09211
3hkn	P00918
3hkq	P00918
3hkt	P00918
3hku	P00918
3hl5	P98170
3hl7	Q16539
3hll	Q16539
3hmm	P36897
3hmo	P33981
3hmv	Q07343
3hng	P17948
3hp2	Q16539
3hq5	P06401
3hqr	Q16665,Q9GZT9
3hqy	Q9QYJ6
3hqz	Q9QYJ6
3hr1	Q9QYJ6
3hrb	Q16539
3hrf	O15530
3hs4	P00918
3hub	Q16539
3huc	Q16539
3hv3	Q16539
3hv4	Q16539
3hv5	Q16539
3hv6	Q16539
3hv7	Q16539
3hvc	Q16539
3hvg	P56817
3hwn	P07711
3hy7	Q9UNA0
3i06	P25779
3i1y	P34913
3i28	P34913
3i4a	O94760
3i5n	P08581
3i5z	P28482
3i60	P28482
3i6c	Q13526
3i6m	P04058
3i6z	P04058
3i7b	Q9BJF5
3i7c	Q9BJF5
3i7e	P03369
3i7g	P45452
3i7i	P45452
3i81	P08069
3i97	O14786
3ia6	P37231
3ibi	P00918
3ibl	P00918
3ibu	P00918
3idp	P15056
3ie3	P09211
3iej	P25774
3ies	P08659
3ig6	P00749
3igp	P00918
3ii5	P15056
3iit	P00742
3ijg	P14174
3ijz	P00469
3ik1	P00469
3ika	P00533
3ikg	Q13526
3il5	Q820T1
3il6	Q820T1
3imc	P9WIL5
3imy	P10828
3in3	P56817
3in4	P56817
3ind	P56817
3ine	P56817
3inf	P56817
3inh	P56817
3io7	O60674
3iod	P9WIL5
3ioe	P9WIL5
3iof	P26918
3iog	P26918
3iok	O60674
3ion	O15530
3iop	O15530
3iph	Q16539
3ipq	Q13133,Q15788
3ips	Q13133,Q15788
3ipu	Q13133,Q15788
3ipx	P27707
3ipy	P27707
3iqg	P45040
3iqh	P45040
3iqi	P45040
3itu	O00408
3itz	Q16539
3iue	P9WIL5
3iut	P25779
3ivh	P56817
3ivi	P56817
3iw4	P17252
3iw7	Q16539
3iw8	Q16539
3iww	Q04609
3ixj	P56817
3ixk	P56817
3jpv	P11309
3jsi	O76083
3jsw	O76083
3jvs	O14757
3jwq	P51160,O76074
3jwr	P18545,P51160,O76074
3jxw	P11309
3jy0	P11309
3jy9	O60674
3jya	P11309
3jyj	Q13526
3jzc	P10828
3jzk	Q00987
3k0h	P38398
3k0k	P38398
3k15	P38398
3k16	P38398
3k22	P04150
3k2f	P00918
3k3e	O76083
3k3h	O76083
3k4d	P05804
3k5c	P56817
3k5d	P56817
3k5f	P56817
3k5g	P56817
3k5k	Q96KQ7
3k5u	O14965
3k7f	P97612
3k83	P97612
3k8o	P00491
3k8q	P00491
3k9x	P00742
3kac	Q13526
3kad	Q13526
3kaf	Q13526
3kag	Q13526
3kah	Q13526
3kai	Q13526
3kb7	P53350
3kba	P06401
3kbz	P09467
3kc0	P09467
3kc1	P09467
3kc3	P49137
3kce	Q13526
3kcf	P36897
3kdt	Q07869
3kdu	Q07869
3kec	P45452
3kej	P45452
3kek	P45452
3ken	P52732
3kf7	Q16539
3kfc	P55055
3kga	P49137
3kig	P00918
3kjd	Q9UGN5
3kku	P25779
3kl6	P00742
3km4	P00797
3kmc	P78536
3kme	P78536
3kmm	P06239
3kmx	P56817
3kmy	P56817
3kn0	P56817
3koo	P34913
3kqb	P00742
3kqc	P00742
3kqd	P00742
3kqe	P00742
3kr5	Q8IL11
3kr8	Q9H2K2
3krj	P07333,P11362
3krl	P07333,P11362
3krr	O60674
3krw	P25098
3kry	P45452
3kv2	P05089
3kvx	P53779
3kw9	P43235
3kwa	P00918
3kwf	P27487
3kwj	P27487
3kwz	P43235
3kx1	P43235
3kyr	P56817
3l08	P48736
3l0e	P55055
3l0v	P78536
3l13	P48736
3l17	P48736
3l1s	P49841
3l38	P56817
3l3a	P56817
3l3l	P09874
3l3m	P09874
3l3n	P12821
3l4w	O43451
3l59	P56817
3l5b	P56817
3l5d	P56817
3l5e	P56817
3l5f	P56817
3l5r	P14174
3l7a	P00489
3l7b	P00489
3l7d	P00489
3l8s	Q16539
3l8v	P08581
3l8x	Q16539
3l9h	P52732
3lbj	O15151
3lbk	Q00987
3lbl	Q00987
3lbz	P41182
3lc3	P00740
3lc5	P00740
3lco	P07333
3ldq	P11142
3le8	P9WIL5
3lea	P78536
3lfn	P24941
3lfs	P24941
3lhg	P56817
3lhj	Q16539
3lik	P39900
3lj3	P48736
3ljg	P39900
3ljt	Q9UNA0
3lk8	P39900
3lmk	P41594
3lmp	P37231,Q15788
3lnk	P56817
3lp4	P05089
3lpb	O60674
3lpi	P56817
3lpj	P56817
3lpk	P56817
3lq5	O60563,P50750
3lq8	P08581
3lxe	P00915
3ly2	Q07343
3lzb	P00533
3lzv	P03369
3m11	O14965
3m2w	P49137
3m36	P00742
3m37	P00742
3m3x	P00918
3m3z	P11142
3m40	P00918
3m5e	P00918
3m6f	P20701
3ma3	P11309
3max	Q92769
3mb6	P68400
3mbl	Q02750
3mdz	P43166
3mfv	P05089
3mfw	P05089
3mhc	P00918
3mhi	P00918
3mhm	P00918
3mho	P00918
3mi2	P11172
3miy	Q08881
3mj2	Q08881
3mjl	P05089
3ml2	P00918
3ml5	P43166
3mlb	C3L5T6
3mmf	P00918
3mna	P00918
3mpm	P06239
3mpt	Q16539
3mqf	P00489
3mrt	P00489
3mrx	P00489
3ms2	P00489
3ms4	P00489
3msj	P56817
3msk	P56817
3msl	P56817
3mt7	P00489
3mt9	P00489
3mtb	P00489
3mtd	P00489
3mv5	P31749,P49841
3mvh	P31749
3mvl	Q16539
3mvm	Q16539
3mw1	Q16539
3mww	O92972
3mxc	P62993,P05067
3mxf	O60885
3my1	O60563,P50750
3myg	O14965
3myq	P00918
3n0h	P00374
3n0n	P00918
3n2p	P00918
3n2u	P39900
3n3g	P25774
3n3j	P00918
3n4b	P00918
3n4c	P25774
3n4l	P56817
3n51	Q9BJF5
3n6k	P14324
3n76	P9WPX7
3n7a	P9WPX7
3n7o	P23946
3n7r	O60894,Q16602
3n7s	O60894,Q16602
3n87	P9WPX7
3nb5	P00918
3nc9	P50053
3ncz	Q13464
3new	Q16539
3nga	P68400
3ni5	P00918
3nif	P05106,P08514
3njy	O75164
3nnv	Q16539
3nnw	Q16539
3nnx	Q16539
3nox	P27487
3np9	P00489
3npa	P00489
3npc	P45984
3nrm	O14965
3ns7	P29466
3ns9	P24941
3nsh	P56817
3nus	O15530
3nuu	O15530
3nuy	O15530
3nw7	P08069
3nww	Q16539
3nzc	P16184
3nzw	P22141,P23724,P25043,P30656,P38624
3nzx	P22141,P23724,P25043,P30656,P38624
3o0g	Q00535,Q15078
3o1g	P43235
3o23	P08069
3o2m	P45983
3o5x	Q06124
3o64	P78536
3o8g	P9WMC1
3o8h	P9WMC1
3o8p	Q16539
3o95	P27487
3o96	P31749
3o9f	P03369
3o9g	P03369
3o9h	P03369
3o9i	P03369
3o9l	P00797
3o9v	P27487
3oad	P00797
3oaf	P00374
3oag	P00797
3oc0	P27487
3ocb	P31749
3ocg	Q16539
3oct	Q06187
3odk	Q13526
3of8	P07711
3ohh	P56817
3okh	Q96RI1,Q15788
3oku	P00918
3olf	Q96RI1,Q15788
3oof	Q96RI1,Q15788
3ook	Q96RI1,Q15788
3oot	P00797
3ooz	P56817
3opm	P27487
3oqf	P00797
3oqk	P00797
3orn	Q02750
3os3	Q02750
3ot3	O14757
3ot8	O14757
3otq	P34913
3ov1	P62993
3ove	P62993
3ovx	P25774
3ovz	P43235
3ow4	P31749,P49841
3ow6	P07900
3owb	P07900
3owd	P07900
3own	P00797
3oxi	P53779
3oy0	P00918
3oy1	P53779
3oy8	P09382
3oyq	P00918
3oys	P00918
3oyw	P09382
3oz1	Q13490
3p0g	P00720,P07550
3p17	P00734
3p1d	Q92793
3p3s	P02766
3p3t	P02766
3p3u	P02766
3p4v	P00918
3p58	P00918
3p5l	P00918
3p5o	O60885
3p8h	Q9Y468
3p8n	P26662
3p8o	P26662
3p8p	O94760
3pa3	O14757
3pa4	O14757
3pa5	O14757
3pb7	Q9NXS2
3pbb	Q16769
3pd8	P19491
3pdq	O75164
3pe1	P68400
3pe2	P68400
3peq	Q03181
3pi5	P56817
3piy	Q06187
3pjc	P52333
3poz	P00533
3pp0	P04626
3ppj	P15056
3ppk	P15056
3ppm	P97612
3prf	P15056
3psb	P15056
3psd	P15056
3psl	P61964
3ptg	P53779
3pvu	P21146
3pvw	P21146
3pwh	P29274
3px8	P02879
3px9	P02879
3pxq	P24941
3py1	P24941
3pyy	P00519
3pz4	Q8K2I1,Q04631
3q32	O60674
3q3b	P49841
3q3k	P00742
3q3t	P00797
3q44	O96935
3q4b	P00797
3q5h	P00797
3q6w	P08581
3q77	P08246
3q8h	Q63T71
3q92	P50053
3q96	P15056
3qa2	P50053
3qai	P50053
3qak	P29274,P00720
3qaq	P48736
3qar	P48736
3qbh	P56817
3qc4	O15530
3qce	P23470
3qcf	P23470
3qch	P23470
3qci	P23470
3qcj	P23470
3qck	P23470
3qcl	P23470
3qcq	O15530
3qcs	O15530
3qcx	O15530
3qcy	O15530
3qd0	O15530
3qd3	O15530
3qd4	O15530
3qdd	P07900
3qel	Q00960
3qem	Q00960
3qfd	P04439
3qi1	P56817
3qi3	O76083
3qj9	P97612
3qk0	P48736
3qk5	P97612
3qkd	Q07817
3qkk	P31749,P49841
3qkl	P31749
3qkm	P31749
3qox	Q8TEK3
3qpn	Q9QYJ6
3qpo	Q9QYJ6
3qpp	Q9QYJ6
3qqu	P08069
3qrk	P00519
3qs1	P39898
3qtf	P07900
3qti	P08581
3qto	P00734
3qtv	P00734
3qtz	P24941
3que	Q16539
3qxm	Q13002
3r00	P11309
3r01	P11309
3r02	P11309
3r04	P11309
3r0t	P68400
3r16	P00918
3r17	P00918
3r21	O14965
3r22	O14965
3r2b	P49137
3r2f	P56817
3r2y	P49137
3r4n	P07900
3r5m	P19793
3r7b	P42575
3r7o	P08581
3r7r	P48736
3r8i	P37231
3r91	P07900
3r92	P07900
3rcd	P04626
3rde	P16469
3rey	P29274
3rhk	P08581
3rhx	P11362
3ri1	P21802
3rik	P04062
3ril	P04062
3rin	Q16539
3rjm	P42575
3rjw	Q96KQ7
3rl7	P25054
3rm4	Q9BZP6
3rm8	Q9BZP6
3rm9	Q9BZP6
3rme	Q9BZP6
3ro4	P50053
3roc	Q16539
3rq7	P53350
3rsv	P56817
3rsx	P56817
3rt6	P19492
3rtf	P19491
3rth	P56817
3rtn	P56817
3rtp	P53779
3ru1	P56817
3rux	P96884,I6YFP0
3rvi	P56817
3rwp	O15530
3rwq	O15530
3rxj	P00760
3ryv	P00918
3ryy	P00918
3ryz	P00918
3rz0	P00918
3rz1	P00918
3rz5	P00918
3rz8	P00918
3s0j	P00489
3s0n	P23946
3s2a	P48736
3s2o	P56817
3s2p	P24941
3s2v	P22756
3s3v	P00374
3s5y	P06280
3s68	P22734
3s71	P00918
3s73	P00918
3s74	P00918
3s7b	Q9NRG4
3s7l	P56817
3s7m	P56817
3s8l	P62993
3s8n	P62993
3s8o	P62993
3s8x	P00918
3s9e	P42264
3s9t	P00918
3sax	P00918
3sbi	P00918
3sd5	P48736
3sdg	P9WMC1
3sfc	P00797
3sff	Q9BY41
3sfh	Q9BY41
3sfi	P9WMC1
3sha	P00734
3shy	O76074
3si3	P00734
3sie	O76074
3sjf	Q04609
3skc	P15056
3skf	P56817
3skg	P56817
3sl4	Q08499
3sl8	Q08499
3smq	O60678
3sn7	Q9Y233
3sni	Q9Y233
3snl	Q9Y233
3sr4	Q8TEK3
3srv	P43405
3su4	P26664
3sv2	P00734
3svv	P00523
3sw2	P00742
3sww	P27487
3sx4	P27487
3sx9	Q9BJF5
3sxf	Q9BJF5
3t1l	P17931
3t1m	P17931
3t2t	P09382
3t3h	P00489
3t3i	P00489
3t3u	Q9BJF5
3t3v	Q9BJF5
3t5u	P00918
3t60	Q8II92
3t64	Q8II92
3t82	P00918
3t84	P00918
3t85	P00918
3t8s	P29994
3tcp	Q12866
3tct	P02766
3tdc	O00763
3tge	O76074
3thb	P53350
3thd	P16278
3ti1	P24941
3tjd	O60674
3tkh	O14757
3tki	O14757
3tkm	Q03181
3tl5	P48736
3tnh	O60563,P50750
3tpp	P56817
3tpr	P56817
3ts4	P39900
3tsk	P39900
3tt0	P11362
3tt4	P22894
3tti	P53779
3ttj	P53779
3ttz	P0A0K8
3tu1	Q00987
3tu7	P00734
3tv4	P15056
3tv6	P15056
3tv7	Q13464
3tvc	P45452
3tvx	P27815
3twd	P0ACC7
3twj	Q13464
3txo	P24723
3ty0	P37231
3tzm	P36897
3u15	O15151
3u1y	P47205
3u2k	P0A0K8
3u4h	P28907
3u4i	P28907
3u4u	P68400
3u51	P00523
3u5j	O60885
3u5l	O60885
3u6a	P56817
3u6i	P08581
3u8w	Q16539
3u9n	O14757
3u9q	Q9UBK2,P37231
3ua9	Q9H2K2
3udd	O95271
3udh	P56817
3udm	P56817
3udn	P56817
3udp	P56817
3udr	P56817
3ue4	P00519
3ufl	P56817
3ug2	P00533
3uh2	O95271
3uh4	O95271
3ui7	Q9Y233
3uli	P24941
3umw	P11309
3unj	P24941
3unk	P24941
3unz	O14965
3uo4	O14965
3uo5	O14965
3uo6	O14965
3uo9	O94925
3uod	O14965
3uoj	O14965
3uok	O14965
3uol	O14965
3up2	O14965
3up7	O14965
3upx	Q9BJF5
3uqf	P00523
3usn	P08254
3uuo	Q9Y233
3uvo	Q9UPS6,P61964
3uvp	Q16539
3uvq	Q16539
3uw4	P98170,Q13490
3uw5	Q96CA5,P98170
3uxk	P11444
3uza	P29274
3uzc	P29274
3uzp	P48730
3v01	Q02750
3v04	Q02750
3v2w	P21453,P00720
3v3q	P22736
3v49	P10275
3v51	Q9BJF5
3v5g	P00918
3v5j	Q08881
3v5l	Q08881
3v5p	Q9BJF5
3v5q	Q16288
3v6r	P53779
3v6s	P53779
3v7x	P00918
3v8s	Q13464
3v8w	Q08881
3vap	O14965
3vb5	P0C6U8
3vbd	P00918
3vbg	Q00987
3vbq	P11309
3vbt	P11309
3vbv	P11309
3vbw	P11309
3vby	P11309
3vc4	P11309
3veu	P56817
3vf3	P56817
3vf8	P43405
3vf9	P43405
3vg1	P56817
3vh9	Q01693
3vha	P07900
3vhc	P07900
3vhd	P07900
3vhe	P35968
3vhk	P35968
3vhu	P08235
3vhv	P08235
3vi5	O60760
3vid	P35968
3vjc	P37268
3vjk	P27487
3vjl	P27487
3vjm	P27487
3vnt	P35968
3vo3	P35968
3voz	O94925
3vp1	O94925
3vp4	O94925
3vqh	P17612
3vry	P08631
3vsw	P00797
3vsx	P00797
3vtb	P13053
3vtc	P13053
3vuc	P00797
3vv6	P56817
3vva	Q26710
3vw6	Q99683
3vw7	P25116,P00720
3vw9	Q04760
3vyd	P00797
3vye	P00797
3vyf	P00797
3vzd	Q9NYA1
3vzv	Q00987
3w1f	P33981
3w2o	P00533
3w2q	P00533
3w2r	P00533
3w2s	P00533
3w2t	P27487
3w32	P00533
3w33	P00533
3w54	Q26710
3w5e	Q07343
3w69	Q00987
3wab	P09955
3wbl	P24941
3wd1	P11797
3wd9	Q07343
3wff	P08235
3wfg	P08235
3wgw	P12004
3wha	P07900
3wi2	Q9Y233
3wig	Q02750
3wix	Q07820
3wk4	P34913
3wk5	P34913
3wk6	P34913
3wk7	P34913
3wk8	P34913
3wk9	P34913
3wka	P34913
3wkb	P34913
3wkc	P34913
3wkd	P34913
3wke	P34913
3wpn	P52732
3wqh	P27487
3ws8	Q9Y233
3ws9	Q9Y233
3wt5	P13053
3wt7	P13053
3wtj	P58154
3wtk	P58154
3wtl	P58154
3wv1	P45452
3wv2	P45452
3wv3	P45452
3wyk	Q9Y233
3wyl	Q9Y233
3wym	Q9Y233
3wzj	P33981
3wzk	P33981
3wzu	O14733
3zbf	P08922
3zbx	P08581
3zc5	P08581
3zc6	P52333
3zcw	P52732
3zdg	P58154
3zdh	P58154
3zep	P52333
3zh8	P41743
3zhx	P9WNS1
3zhz	P9WNS1
3zi0	P9WNS1
3zim	P42336
3zln	Q07817
3zlq	Q9Y5Z0
3zlr	Q07817
3zls	Q02750
3zlw	Q02750
3zly	Q02750
3zm6	Q8DNV6
3zmg	P56817
3zmm	O60674
3zmp	P18031,P12931
3zn0	O60341,Q9UKL0
3zn1	O60341,Q9UKL0
3zns	Q8WUI4
3zos	Q08345
3zqt	P10275
3zrk	P49841
3zrl	P49841
3zrm	P49841
3zvv	P48736
3zw3	P48736
3zxe	P47929
3zxh	P45452
3zxz	P08581
3zya	Q16539
3zyu	O60885
4a22	P9WQA3
4a4l	P53350
4a4o	P53350
4a4v	P37231
4a4x	P51955
4a50	P52732
4a51	P52732
4a7b	P45452
4a7c	P11309
4a95	A5K1A2
4a9i	P25440
4a9m	P25440
4a9n	P25440
4a9r	O96017
4a9s	O96017
4a9t	O96017
4a9u	O96017
4aa0	Q16539
4aa4	Q16539
4aa5	Q16539
4aa7	P0ACC7
4abu	P02766
4abv	P02766
4acc	P49841
4acd	P49841
4acg	P49841
4ach	P49841
4acu	P56817
4acx	P56817
4ael	Q9Y233
4af3	Q96GD4,Q9NQS7
4afe	P51955
4afj	P49841
4ag8	P35968
4agd	P35968
4agn	P04637
4agp	P04637
4akn	P25440
4alg	P25440
4alu	P11309
4alv	P11309
4alw	P11309
4amy	P23687
4amz	P23687
4an0	P23687
4an1	P23687
4an2	Q02750
4an3	Q02750
4an9	Q02750
4anb	Q02750
4anq	Q9UM73
4anu	P48736
4anw	P48736
4anx	P48736
4aof	P48736
4aoi	P08581
4ap0	P52732
4ap7	P08581
4app	O96013
4aq3	P10415,Q07817
4aqc	O60674
4ark	Q02750
4asd	P35968
4ase	P35968
4ask	O15054
4at4	Q16620
4at5	Q16620
4att	P08191
4auj	P08191
4auy	P08191
4aw5	P54760
4awj	P40337,Q15369,Q15370
4awq	P07900
4ax9	P00734
4axm	P07711
4ay6	O15294,Q15750
4ayv	P00734
4ayy	P00734
4az0	P10619
4az2	P00734
4az3	P10619
4aze	Q13627
4azy	P56817
4b00	P56817
4b05	P56817
4b0g	O14965
4b13	A5K1A2
4b14	A5K1A2
4b1c	P56817
4b1d	P56817
4b70	P56817
4b72	P56817
4b77	P56817
4b7p	P07900
4b7z	P21836
4b81	P21836
4b82	P21836
4b83	P21836
4b84	P21836
4b85	P21836
4b9k	P40337,Q15369,Q15370
4bah	P00734
4bb2	P08185
4bbe	O60674
4bbf	O60674
4bbg	P52732
4bcb	P23687
4bcc	P23687
4bcd	P23687
4bcf	O60563,P50750
4bcg	O60563,P50750
4bci	O60563,P50750
4bcj	O60563,P50750
4bco	P30274,P24941
4bcp	P20248,P24941
4bdt	P22303
4bek	P56817
4bf1	P00918
4bfd	P56817
4bg1	O75936
4bgg	Q04771
4bgh	P24941
4bgk	O75936
4bhf	O75936
4bhi	O75936
4bhn	Q99683
4bib	Q99683
4bid	Q99683
4bie	Q99683
4bio	Q9NWT6
4bis	O75164
4bj9	Q9H2K2
4bjc	Q9H2K2
4bjx	O60885
4bkj	Q08345
4bkt	P40337,Q15369,Q15370
4bqg	P07900
4bqw	Q9GZT9
4bqx	Q9GZT9
4bs5	O70370
4bsq	O70370
4bti	P00742
4btk	Q5TCY1
4btl	P21836
4btm	Q5TCY1
4btt	P00742
4btu	P00742
4btx	Q16853
4bvb	Q9NTG7
4bw1	O60885
4bw2	O60885
4bw3	O60885
4bw4	O60885
4byi	O14965
4byj	O14965
4bzn	P11309
4bzo	P11309
4c16	P16581
4c1d	Q9K2N0
4c4e	P33981
4c4f	P33981
4c4h	P33981
4c4j	P33981
4c52	Q07817
4c5d	Q07817
4c5w	O75936
4c61	O60674
4c66	O60885
4c9w	P36639
4cbt	P56524
4cby	P56524
4cc5	Q9AIU7
4cc6	Q9AIU7
4cd0	Q9UM73
4cd1	O35795
4cdr	O15294
4cfl	O60885
4cft	P29473
4cga	P35790
4cik	P00747
4ckr	Q08345
4cku	P46925
4cl9	O60885
4clb	O60885
4cli	Q9UM73
4clj	Q9UM73
4cmo	Q9UM73
4cmt	Q9UM73
4cmu	Q9UM73
4cnh	Q9UM73
4cq0	P00918
4cqf	A5H660
4cr5	P03951
4cra	P03951
4crb	P03951
4crc	P03951
4crd	P03951
4crl	P24863,P49336
4csj	P04150
4cst	P08191
4csy	P16581
4d08	O00408
4d0w	O60674
4d0x	O60674
4d1s	O60674
4d2p	Q14680
4d2r	P08069
4d2s	P33981
4d2t	Q14680
4d2w	Q14680
4d7b	P02766
4d83	P56817
4d85	P56817
4d88	P56817
4d8c	P56817
4daf	Q81VW8
4dbn	P15056
4dce	Q9UM73
4ddl	Q9Y233
4dea	O14965
4deb	O14965
4ded	O14965
4deg	P08581
4deh	P08581
4dei	P08581
4dff	Q9Y233
4dfn	P43405
4dfw	P53350
4dh6	P56817
4dhf	O14965
4dhr	P31947
4di2	P56817
4dij	Q00987
4djh	P41145,P00720
4djv	P56817
4djw	P56817
4djx	P56817
4djy	P56817
4dk5	P48736
4dk8	P55055,Q15788
4dld	P22756
4dmy	P43235
4do3	P97612
4dpf	P56817
4dpi	P56817
4drk	Q13451
4drm	Q13451
4drn	Q13451
4dro	Q13451
4drp	Q13451
4dru	O92972
4dtk	P11309
4dtt	P14735
4dum	P06730
4dus	P56817
4dv8	P15917
4dvi	O95271
4e0w	P42264
4e0x	P22756
4e26	P15056
4e3d	P00918
4e3f	P00918
4e3g	P00918
4e3h	P00918
4e49	P00918
4e4l	P23458
4e4n	P23458
4e4x	P15056
4e5d	P08659
4e5w	P23458
4e67	P53350
4e6d	O60674
4e6q	O60674
4e7r	P00734
4e8y	B4EB35
4e90	O76083
4e93	P07332
4e96	O60885
4e9u	A9JQL9
4ea1	A9JQL9
4ea3	P41146
4ear	P00491
4eb8	P00491
4ebv	Q05397
4ebw	Q05397
4ec0	O60760
4edy	O60760
4edz	O60760
4egk	P07900
4ehe	P15056
4ehg	P15056
4ehr	Q07817
4ehz	P23458
4ei4	P23458
4ejn	P31749
4ek9	Q8TEK3
4ekg	Q8TEK3
4eki	Q8TEK3
4elg	Q81R22
4en4	O00764
4eon	P20248,P24941
4eor	P20248,P24941
4eqc	Q13153
4ere	Q00987
4erf	Q00987
4erw	P24941
4es0	Q9UPS6,P61964
4esi	P02879
4ewh	Q07912
4ewo	P56817
4exg	P56817
4exs	C7C422
4eyj	O15264
4eym	O15264
4ezj	P48736
4ezk	P48736
4ezl	P48736
4f08	O60674
4f09	O60674
4f1l	Q460N5
4f1q	Q460N5
4f1s	P48736
4f39	P19492
4f3i	O60885
4f63	P11362
4f64	P11362
4f65	P11362
4f6x	A9JQL9
4f70	P24863,P49336
4fbx	P68400
4fc0	P15056
4fcd	Q9Y233
4fgz	Q6T755
4fjz	P48736
4fk6	P23458
4fkk	P15145
4flh	P48736
4flp	Q58F21
4fm7	P56817
4fm8	P56817
4fnz	Q9UM73
4fob	Q9UM73
4fod	Q9UM73
4fri	P56817
4frj	P56817
4frk	P56817
4frs	P56817
4fsl	P56817
4fyo	P43405
4fys	P15144,P01019
4fz6	P43405
4g11	P48736
4g1f	P27487
4g2j	O76083
4g2l	O76083
4g2w	O76074
4g2y	O76074
4g8m	P19491
4g8n	P42264
4g8r	P05121
4g95	P00374
4g9c	P15056
4gb9	P48736
4ge5	P43378
4gg5	P08581
4gg7	P08581
4gh6	O76083
4ghi	P27540,Q99814
4gid	P56817
4gih	P29597
4gii	P29597
4gj2	P29597
4gj3	P29597
4gj6	P00797
4gj7	P00797
4gja	P00797
4gjc	P00797
4gjd	P00797
4gk2	P29320
4gm8	P61964
4gmc	O92972
4gmy	O60674
4gq4	O00255
4gql	P39900
4gr0	P39900
4gs6	O43318,Q15750
4gs8	P14735
4gsc	P14735
4gtm	Q02293,Q04631
4gtp	Q02293,Q04631
4gu6	Q05397
4gu9	Q05397
4gv1	P31749
4h1j	Q14289
4h1m	Q14289
4h3f	P56817
4h3g	P56817
4h3i	P56817
4h3j	P56817
4h4b	P49902
4h58	P15056
4ha5	P56817
4hai	P34913
4hbm	Q00987
4hbp	P97612
4hbv	O60885
4hbx	O60885
4hby	O60885
4hct	Q08881
4hcu	Q08881
4hcv	Q08881
4heu	Q9Y233
4hev	P0DPI0
4hf4	Q9Y233
4hfp	P00734
4hg7	Q00987
4hge	O60674
4hgt	P48730
4hhy	P09874
4hhz	P09874
4hiq	P02766
4hlf	Q9H2K2
4hlg	Q9H2K2
4hlw	P10275
4hnc	P11444
4hnf	P48730
4hni	P49674
4hra	Q8TEK3
4ht0	P00918
4ht2	O43570
4htx	O00408
4hu1	Q8N1Q1
4huo	P02879
4hv3	P02879
4hv7	P02879
4hvb	P48736
4hvd	P52333
4hvg	P52333
4hvh	P52333
4hvi	P52333
4hvs	P10721
4hw2	Q07820
4hw3	Q07820
4hw7	P07333
4hwt	P26639
4hxl	O60885
4hxm	O60885
4hxr	O60885
4hy0	P98170
4hy4	Q13490
4hyf	Q9H2K2
4hyh	O14757
4hyi	O14757
4hys	P45983
4hyu	P45983
4hzt	P56817
4i0f	P56817
4i0r	P43405
4i0s	P43405
4i0t	P43405
4i10	P56817
4i11	P56817
4i1c	P56817
4i1r	Q9UDY8
4i3z	P24941
4i4f	Q05397
4i5c	P23458
4i5m	Q9NYY3
4i5p	Q9NYY3
4i6b	Q9NYY3
4i6f	Q9NYY3
4i6h	Q9NYY3
4i6q	P52333
4i7j	P00720
4i7l	P00720
4i7m	P00720
4i8n	P18031
4i9i	O95271
4i9z	O76074
4ia0	O76074
4idt	Q99558
4idv	Q99558
4idz	Q9C0B1
4ie0	Q9C0B1
4ie4	Q9C0B1
4ie5	Q9C0B1
4ie6	Q9C0B1
4ie7	Q9C0B1
4ieh	P10415,Q07817
4igk	P38398,Q8WXE1
4igr	P42264
4igt	P19491
4ijh	P27694
4ijl	P27694
4ijq	P00492
4ikr	P53582
4iks	P53582
4ikt	P53582
4iku	P53582
4im0	Q9UHD2
4iq6	P49841
4ir5	Q9UIF8
4ir6	Q9UIF8
4ish	P08709
4ith	Q13546
4itp	P00918
4iue	Q9H2K2
4iva	O60674
4ivb	P23458
4ivc	P23458
4ivd	P23458
4iwd	P08581
4iwz	P00918
4ixh	Q8T6T2
4izm	O59010
4izy	P45983
4j0p	P56817
4j0r	O60885
4j0s	O60885
4j0t	P56817
4j0v	P56817
4j0y	P56817
4j0z	P56817
4j17	P56817
4j1c	P56817
4j1e	P56817
4j1f	P56817
4j1h	P56817
4j1i	P56817
4j1k	P56817
4j21	Q9H2K2
4j3d	P47205
4j3i	O60885
4j3l	Q9H2K2
4j46	P98170
4j47	P98170
4j51	Q9Y2R2
4j52	P53350
4j53	P53350
4j5p	P97612
4j6i	P48736
4jai	O14965
4jaj	O14965
4jbo	O14965
4jbp	O14965
4jc1	P17931
4jck	P17931
4je7	Q9FV53
4jfi	Q13451
4jfj	Q13451
4jfk	Q13451
4jfm	Q13451
4jh0	P27487
4jia	O60674
4jib	O00408
4jit	P0A9M5
4jje	P42574
4jlg	Q8WTS6
4jlj	P27707
4jlm	P27707
4jln	P27707
4jnc	P34913
4jnm	P43490
4joa	Q9UM73
4joo	P56817
4jp9	P56817
4jpa	P45452
4jpc	P56817
4jpe	P56817
4jps	P27986,P42336
4jq7	P00533
4jq8	P00533
4jr0	P42574
4jr3	P00533
4jr5	P43490
4jrv	P00533
4jsa	P00918
4jsr	Q9NTG7
4jt8	Q9NTG7
4jt9	Q9NTG7
4jv6	O43924
4jv7	Q00987
4jvb	O43924
4jve	Q00987
4jyv	P08709
4jz1	Q9Y5Y6
4jzd	P08709
4jze	P08709
4jzf	P08709
4jzi	Q9Y5Y6
4jzr	Q9GZT9
4k18	P11309
4k1b	P11309
4k2y	P23946
4k4e	O95271
4k4f	O95271
4k5y	P34998,P00720
4k60	P23946
4k69	P23946
4k6i	P19793
4k6z	P23458
4k77	P23458
4k8a	Q05397
4k8s	P56817
4k9g	P14174
4k9h	P56817
4k9y	Q05397
4kao	Q05397
4kb8	P48730
4kba	P48730
4kbk	P48730
4ke0	P56817
4ke1	P56817
4kin	Q16539
4kio	Q08881
4kip	Q16539
4kiq	Q16539
4kju	P98170
4kjv	P98170
4kn0	P14207
4kn2	P14207
4knb	P08581
4kni	P00918
4knj	P00918
4knm	Q8N1Q1
4knn	Q8N1Q1
4kp0	P23946
4kp5	O43570
4kp6	Q07343
4kp8	O43570
4krs	O95271
4ksp	P15056
4ksq	P15056
4kwf	P05091
4kwg	P05091
4kx8	Q07075
4kxl	O35820
4kxm	O35820
4kxn	O35820
4kz0	P48736
4kzc	P48736
4kzq	Q9H2K2
4l02	Q9NYA1
4l0b	Q9H2K2
4l0v	Q9H2K2
4l19	P45452
4l23	P27986,P42336
4l2l	P09960
4l3p	O43318,Q15750
4l52	O43318,Q15750
4l53	O43318,Q15750
4l6s	P09874
4l70	Q9Y6F1
4l7f	P45983
4l7l	Q9Y6F1
4l7n	Q9Y6F1
4l7o	Q9Y6F1
4l7r	Q9Y6F1
4l8m	Q16539
4l9i	P28327
4lbo	P17931
4lge	Q13490
4lgu	Q13490
4li5	P00533
4li8	O95271
4lko	P27487
4lkt	Q01469
4llj	Q9Y233
4llk	Q9Y233
4llp	Q9Y233
4llx	Q9Y233
4lm1	Q9Y233
4lm2	Q9Y233
4lm3	Q9Y233
4lnw	P10827
4lov	P08191
4loy	P00734
4lpg	P14324
4lqg	Q04609
4lrh	P15328
4lsj	P04150
4lte	P14735
4lts	P43490
4luo	P27694
4luv	P27694
4lv4	P9WQA3
4lwe	P07900
4lwh	P07900
4lwi	P07900
4lww	P43490
4lxb	P00734
4lxd	P10415
4lxz	Q92769
4ly1	Q92769
4ly9	Q14397
4lyn	P24941
4m0e	P22303
4m0f	P22303
4m2r	P00918
4m2w	P00918
4m3p	Q93088
4m3q	Q12866
4m5g	P26281
4m5h	P26281
4m5i	P26281
4m5j	P26281
4m5l	P26281
4m5m	P26281
4m6p	P43490
4mbi	P11309
4mbj	P15056
4mbl	P11309
4mdn	Q00987
4mdq	Q00987
4men	O60885
4mf0	Q08881
4mf1	Q08881
4mg9	Q15788,P03372
4mga	Q15788,P03372
4mh7	Q12866
4mha	Q12866
4mho	P00489
4mi3	P00489
4mi9	P00489
4mjo	P09467
4mk0	P25098
4mn3	O95931
4mo8	P00918
4mq1	Q13627
4mq2	Q13627
4mqu	Q14397
4mr4	O60885
4mr5	P25440
4mrd	P15379
4mre	P15379
4mrg	P15379
4mrh	P15379
4mro	Q14397
4mrw	Q9Y233
4mrz	Q9Y233
4ms0	Q9Y233
4msa	Q9Y233
4msc	Q9Y233
4mse	Q9Y233
4msg	O95271
4msk	O95271
4msl	Q99523
4msn	Q9Y233
4msu	Q14397
4mt9	O95271
4mu7	Q13490
4muw	Q9Y233
4mvh	Q9Y233
4mx1	P02879
4mx5	P02879
4mxc	P08581
4myq	Q07343
4n00	P56817
4n07	P19491
4n1b	Q14145
4n1u	P36639
4n3r	O95271
4n4v	O95271
4n5g	P19793
4n6h	P41143
4n6y	P11309
4n6z	P11309
4n70	P11309
4n7e	Q99523
4n8d	P27487
4n8e	P27487
4n8r	P19793
4n9b	P43490
4n9c	P43490
4n9d	P43490
4n9e	P43490
4na7	P03951
4na8	P03951
4na9	P08709
4nb6	P51449
4nbl	P55212
4nct	Q13627
4ngm	Q04609
4ngn	Q04609
4ngq	Q04609
4ngr	Q04609
4ngt	Q04609
4nh7	P07900
4nh8	P07900
4nh9	P14625
4nie	P51449
4nj3	P24941
4njd	O96013
4nk9	P11362
4nld	Q9WMX2
4np2	P15379
4np3	P15379
4npv	Q01064
4nrb	Q9UIF8
4nrc	Q9UIF8
4ntj	Q9H244
4nuc	O60885
4nus	P51812
4nw7	Q07343
4nwc	P42264
4nwd	P42264
4nwm	Q06187
4nyi	Q07889,P01112
4nym	Q07889,P01112
4o04	P07900
4o05	P07900
4o07	P07900
4o09	P07900
4o0a	P27694
4o0b	P07900
4o0r	Q13153
4o0t	Q13153
4o0v	O96013
4o0x	O96013
4o0y	O96013
4o0z	P43490
4o13	P43490
4o15	P43490
4o1b	P43490
4o1d	P43490
4o1l	P55263
4o28	P43490
4o2b	Q6B856
4o6e	P28482
4o70	O60885
4o72	O60885
4o74	O60885
4o76	O60885
4o7b	O60885
4o7e	O60885
4o7f	O60885
4o97	Q9Y5Y6
4o9s	P02753
4o9v	Q9Y5Y6
4o9w	P53350
4oar	P06401,Q9Y618
4oas	Q00987
4oba	Q00987
4obo	O95819
4obp	O95819
4obq	O95819
4obz	P07339
4oc0	Q04609
4oc3	Q04609
4oc4	Q04609
4oc5	Q04609
4oc6	P07339
4ocz	P34913
4od0	P34913
4od9	P07339
4ode	Q00987
4odf	Q00987
4oew	O76074
4oex	O76074
4og3	O00255
4og6	O00255
4og7	O00255
4ogi	O60885
4ogj	O60885
4ogv	Q00987
4ohk	Q14397
4ohm	Q14397
4oho	Q14397
4ohp	Q14397
4oiv	Q96RI1
4omc	P09958
4omd	P09958
4ona	Q9BJF5
4oo9	P41594,P00720
4oon	Q07806
4oq3	Q00987
4oq5	Q07820
4oq6	Q07820
4osf	P14174
4ot6	Q06187
4otf	Q06187
4otg	Q16512
4oth	Q16512
4oti	Q16512
4oty	Q05769
4p0n	Q9Y233
4p0x	P14324
4p10	Q96IY4
4p1r	Q9Y233
4p2t	Q2HRB6
4p4d	Q04609
4p4e	Q04609
4p4i	Q04609
4p4j	Q04609
4p58	O88587
4p5d	O35820
4p5e	O43598
4p5z	P29320
4p6e	P25774
4p6g	P25774
4p6w	P04150
4p6x	P04150
4p7e	O60674
4p90	Q13153
4pce	O60885
4pci	O60885
4pf3	P08235
4pg3	Q8IDJ8
4ph4	Q8NEB9
4phu	O14842,P00720
4phw	Q9Y233
4pjt	P09874
4pks	P15917
4pmm	P04629
4pmp	P04629
4pms	P04629
4pmt	P04629
4pni	P28327
4pnr	Q9H2K2
4pop	A2RI47
4pov	A2RI47
4pp3	P19793
4pp5	P19793
4pp7	P15056
4pp9	Q08881
4ppa	Q08881
4pqn	Q08881
4prj	O14965
4pry	P42574
4ps3	P48736
4ps7	P48736
4ps8	P48736
4psq	P02753
4ptc	P49841
4pte	P49841
4ptg	P49841
4puz	P43405
4pv0	P43405
4pv5	Q9CPU0
4px6	P43405
4pxm	P03372
4pyv	P00797
4pyx	P00918
4pyy	P00918
4pzh	P00918
4pzw	P56817
4pzx	P56817
4q09	P00918
4q0l	O43570
4q19	P27707
4q1b	P27707
4q1c	P27707
4q1e	P27707
4q1f	P27707
4q1n	P00797
4q6r	O95470
4q7p	P00918
4q7s	P00918
4q7v	P00918
4q81	P00918
4q83	P00918
4q9s	Q05397
4q9z	Q04759
4qb3	O60885
4qd6	Q08881
4qew	P25440
4qfr	P54645,P80385,P80386
4qjp	Q8N1Q1
4qjw	O43570
4qjx	Q8N1Q1
4qkx	P00720,P07550
4ql8	P10275
4qlq	P22141,P23724,P25043,P30656,P38624
4qmn	Q9Y6E0
4qmt	Q9Y6E0
4qmu	Q9Y6E0
4qmy	Q9Y6E0
4qmz	Q9Y6E0
4qo4	Q00987
4qoc	Q00987
4qp1	P28482
4qp2	P28482
4qp6	P28482
4qp7	P28482
4qp8	P28482
4qp9	P28482
4qpa	P28482
4qps	P52333
4qq5	P22455
4qqc	P22455
4qr3	O60885
4qr4	O60885
4qr5	O60885
4qsm	P00338
4qsv	Q6PL18
4qt0	P00338
4qt1	P52333
4qta	P28482
4qtb	P27361
4qtl	P00918
4qvx	Q07817
4qxs	P14324
4qye	O14757
4qyg	O14757
4qyh	O14757
4qzs	O60885
4r06	P37231
4r1y	P08581
4r4c	P27694
4r4i	P27694
4r4q	P27694
4r59	P00918
4r5a	P00918
4r5b	P00918
4r5n	P56817
4r5t	O96935
4r5v	O96935
4r5x	O96935
4r5y	P15056
4r6e	P09874
4r6t	Q8IL11
4r6v	P22455
4r7m	Q8IL11
4r8y	P56817
4r91	P56817
4r92	P56817
4r93	P56817
4ra5	Q04759
4rab	P00492
4rac	P00492
4rak	P55055
4rao	P00492
4raq	P00492
4rcd	P56817
4rce	P56817
4rcf	P56817
4re9	P14735
4rfm	Q08881
4rfy	Q06187
4rfz	Q06187
4rg0	Q06187
4rio	P52333
4rj3	P24941
4rj4	P00533
4rj6	P00533
4rj7	P00533
4rj8	P00533
4rn0	Q9BY41
4rn1	Q9BY41
4rn4	P00918
4rn6	P00734
4rpv	P11309
4rqk	O15530
4rrn	P56817
4rro	P56817
4rrs	P56817
4rs0	Q05769
4rsk	P61823
4rss	P43405
4rux	P00918
4ruy	P00918
4ruz	P00918
4rvk	O14757
4rvl	O14757
4rvm	O14757
4rvr	Q9UIF8
4rwl	P11362
4rx5	Q06187
4rx7	P43405
4rx8	P43405
4rx9	P43405
4ryc	P00797
4ryd	P09958
4ryg	P00797
4ryl	O60678
4rz1	P00797
4std	P56221
4tjw	Q9H2K2
4tjy	Q9H2K2
4tkf	Q9H2K2
4tkg	Q9H2K2
4tkh	P05413
4tkj	P05413
4tky	P0AEG4
4tln	P00800
4tmn	P00800
4tpk	P06276
4tpm	Q9Y233
4tpp	Q9Y233
4tpt	P53671
4tpw	P06730
4tqn	Q92793
4trw	P56817
4trz	P56817
4tte	Q6PL18
4tuh	Q07817
4tv3	P42336
4tvj	Q9UGN5
4tw6	Q13451
4tw7	Q13451
4twc	P48730
4ty1	P11309
4ty6	P03951
4ty7	P03951
4tyl	Q6PL18
4tyo	Q13526
4tyt	P04190
4tz2	Q6PL18
4tz8	Q6PL18
4u01	Q9WMX2
4u0i	P10721
4u43	O95819
4u44	O95819
4u45	O95819
4u6r	O75460
4u6w	P53582
4u79	P53779
4u93	P07900
4uda	Q15788,P08235
4udb	Q15788,P08235
4ufd	P00734
4ufe	P00734
4uff	P00734
4ufg	P00734
4ufu	Q9H2K2
4ufy	Q9H2K2
4uhg	Q9H2K2
4ui3	Q9H2K2
4ui6	Q9H2K2
4ui8	Q9H2K2
4uiu	Q9H8M2
4uiv	Q9H8M2
4uiw	Q9H8M2
4uix	O60885
4uiy	O60885
4uiz	O60885
4umq	Q14680
4umu	Q14680
4unp	P9WKE1
4uns	P9WKE1
4ura	O75164
4urk	P48736
4uro	P0A0K8
4usw	Q96PN6
4uvv	Q9H2K2
4uwf	Q8NEB9
4uwh	Q8NEB9
4uxb	P09874
4uxl	P08922
4uxq	P22455
4uy1	O15496
4uyd	O60885
4uye	P55201
4uyf	P25440
4uyg	P25440
4uyh	P25440
4uyn	O14965
4uzd	O14965
4uzh	O14965
4v01	P11362
4v05	P11362
4v24	Q9NYA1
4v25	Q15119
4w4v	P53779
4w4x	P53779
4w4y	P53779
4w54	P00720
4w57	P00720
4w7p	Q13464
4w9c	P40337,Q15369,Q15370
4w9f	P40337,Q15369,Q15370
4w9i	P40337,Q15369,Q15370
4w9k	P40337,Q15369,Q15370
4w9o	Q13451
4w9p	Q13451
4wa9	P00519
4wag	Q9UBF8
4wcu	Q08499
4wf2	P06709
4wf6	P15917
4wgi	Q07820
4whh	P53350
4whz	P53779
4wiv	O60885
4wk2	P05556,P08648
4wk7	O75173
4wke	O75173
4wki	O75173
4wlb	P51449
4wmu	P0AEX9,Q07820
4wmv	P0AEX9,Q07820
4wmx	P0AEX9,Q07820
4wnk	P43249
4wnp	O75385
4wp7	P00352
4wpf	P51449
4wpn	P00352
4wr7	P00915
4wr8	P14174
4wrb	P14174
4wrs	P11309
4wsy	P11309
4wt2	Q00987
4wt6	P11309
4wtu	P56817
4wup	P00915
4wuy	Q9NRG4
4wvl	Q8TEK3
4wvs	P98170
4wvt	P98170
4ww6	P00918
4ww8	O43570
4wwo	P48736
4wwp	P48736
4wxi	P03951
4wy1	P56817
4wy6	P56817
4wyz	P61823
4wzv	P14780
4x0f	Q07343
4x21	P53779
4x2l	P56817
4x3r	Q04609
4x5p	P08191
4x5y	O00255
4x5z	O00255
4x63	O14744,Q9BQA1
4x6h	P43235
4x6j	P43235
4x6m	P03951
4x6n	P03951
4x6o	P03951
4x6x	P34913
4x6y	P34913
4x7h	Q9NZJ5
4x7i	P56817
4x7j	Q9NZJ5
4x7l	Q9NZJ5
4x7n	Q9NZJ5
4x7o	Q9NZJ5
4x7q	Q9P1W9
4x8g	Q9UM07
4x8v	P08709
4xaq	Q14416
4xar	Q14832
4xas	Q14416
4xct	P14780
4xcu	P22455
4xg4	P43405
4xg6	P43405
4xg7	P43405
4xg8	P43405
4xg9	P43405
4xh6	P11309
4xhk	P11309
4xip	P07900
4xiq	P07900
4xir	P07900
4xj0	P28482
4xjs	P28907
4xjt	P28907
4xkx	P56817
4xm6	P15917
4xm7	P15917
4xmb	Q14145
4xmo	P08581
4xnv	P47900
4xnw	P47900
4xo8	P08191
4xs2	Q9NWZ3
4xt2	P27540,Q99814
4xt9	P51449
4xua	Q9UIF8
4xub	Q9UIF8
4xuh	P37231
4xum	P37231
4xv2	P15056
4xv9	P15056
4xx4	P00797
4xx9	O15530
4xxs	P56817
4xyf	P08581
4y24	P09382
4y2j	P34913
4y2p	P34913
4y2q	P34913
4y2s	P34913
4y2t	P34913
4y2u	P34913
4y2v	P34913
4y2x	P34913
4y2y	P34913
4y46	P53779
4y5h	P53779
4y6m	P46925
4y73	Q9NWZ3
4y87	O76083
4y8c	O76083
4y8d	O14976
4y8x	P03951
4y8y	P03951
4y8z	P03951
4ya8	P46925
4yab	O15164
4yad	O15164
4yat	O15164
4yax	O15164
4yay	P30556
4ybi	P56817
4ybm	O15164
4ybs	O15164
4ybt	O15164
4yc8	P00519
4yc9	O15164
4ycl	P04191
4ycm	P04191
4ycn	P04191
4ycu	Q15046
4yes	P00734
4yff	Q59H18
4yfi	Q59H18
4yh3	O60885
4yh4	O60885
4yhf	Q06187
4yht	P15056
4yjn	Q9BJF5
4yk0	Q92793
4yk5	O14684
4ykn	P27986,P42336
4yl0	O14684
4yl1	O14684
4yl3	O14684
4ylj	Q13627
4ylk	Q13627
4yll	Q13627
4ymb	P22756
4ymj	Q16288
4ymq	P51449
4ynd	Q9NRG4
4yne	P04629
4ynk	P13053
4yo6	Q9NWZ3
4yps	P04629
4yqm	P78417
4ys7	Q9Y233
4yt6	P08709
4yt7	P08709
4yth	O60674
4yvc	Q13464
4yve	Q13464
4yxi	P00918
4yyl	P03433
4yyt	P00918
4yzc	O75460
4yzu	P00740
4z0k	P00740
4z0q	P00918
4z16	P52333
4z1j	P00918
4z1k	P00918
4z22	P46925
4z2i	P11797
4z2j	P11797
4z2k	P11797
4z3v	Q06187
4z6i	Q9H8M2
4z7h	O75460
4z7n	P05106,P08514
4z7o	P05106,P08514
4z7q	P05106,P08514
4z93	O60885
4z9l	P53779
4zae	P00740
4zbf	Q07820
4zbi	Q07820
4zg7	Q13822
4zg9	Q13822
4zga	Q13822
4zgk	Q00987
4zim	O60674
4zj8	O43613
4zjc	O43613
4zji	Q13153
4zjj	Q13153
4zjr	P51449
4zk5	O95819
4zly	Q06187
4zo5	Q9Y233
4zom	P51449
4zpe	P56817
4zpf	P56817
4zpg	P56817
4zs0	O14965
4zsa	P11362
4zsm	P56817
4zsp	P56817
4zsr	P56817
4ztl	Q9NWZ3
4ztm	Q9NWZ3
4ztr	O14965
4zud	P30556
4zun	Q48935
4zur	Q48935
4zw5	O96935
4zwy	P00918
4zwz	P00918
4zx0	P00918
4zx1	P00918
4zx3	O96935
4zy4	Q13153
4zy5	Q13153
4zy6	Q13153
4zyc	Q00987
4zyf	Q00987
4zyi	Q00987
4zyt	P22102
4zyu	P22102
4zyv	P22102
4zyx	P22102
4zyy	P22102
4zz1	P22102
4zz3	P22102
4zzx	Q9UGN5
4zzy	Q9UGN5
4zzz	P09874
5a00	P09874
5a09	P08246
5a0a	P08246
5a0c	P08246
5a14	P24941
5a2s	P56524
5a3n	Q9UGL1
5a3t	Q9UGL1
5a3w	Q9UGL1
5a3x	Q13627
5a4c	P11362
5a5p	Q6PL18
5a5q	Q6PL18
5a5r	Q6PL18
5a5s	O60885
5a6h	P00918
5a81	Q6PL18
5a82	Q6PL18
5a85	O60885
5a8x	P08246
5a8y	P08246
5a8z	P08246
5a9u	Q9UM73
5aa9	Q9UM73
5aaa	Q9UM73
5aab	Q9UM73
5aan	Q9VWX8
5aba	P04637
5acb	O75909,Q9NYV4
5acw	Q9K2N0
5acx	Q9K2N0
5acy	O60885
5adr	Q9H2K2
5aeh	Q9H2K2
5aen	P09960
5aep	O60674
5aes	P60487
5ai0	P34913
5ai5	P34913
5aic	P34913
5ais	O60760
5aiv	O60760
5aix	O60760
5ajv	Q16875
5ajw	Q16875
5ajx	Q16875
5ajz	Q16875
5ak0	Q16875
5ak2	P03372
5ake	P34913
5akg	P34913
5akh	P34913
5akj	P34913
5aku	Q9H2K2
5akw	Q9H2K2
5akz	P34913
5al1	Q9H2K2
5al2	Q9H2K2
5al3	Q9H2K2
5ald	P34913
5ale	P34913
5alk	P34913
5all	P34913
5alm	P34913
5alo	P34913
5alt	P34913
5alu	P34913
5alw	P34913
5alx	P34913
5aly	P34913
5alz	P34913
5am0	P34913
5am1	P34913
5am3	P34913
5am4	P34913
5am5	P34913
5am6	P11362
5am7	P11362
5amn	P07949
5ant	P36639
5anv	P36639
5anw	P36639
5aoj	P04637
5ap0	P33981
5ap2	P33981
5ap3	P33981
5ap5	P33981
5aph	P51449
5aqf	P11142
5aqg	P11142
5ar4	O43353
5ar5	O43353
5ar7	O43353
5ar8	O43353
5arf	Q9NRG4
5arg	Q9NRG4
5auu	P53355
5auw	P53355
5auz	P53355
5avi	Q13133,Q15788
5awj	P13053
5ax3	P40763,P28482
5ax9	Q9UKE5
5axq	Q9Y233
5ayf	Q8WTS6
5b0x	P68400
5b25	Q01064
5b4l	Q9Y233
5b5o	P45452
5b5p	P45452
5bml	Q13464
5bms	O96013
5bnj	P24863,P49336
5boj	P02766
5bot	P45452
5boy	P45452
5bpa	P45452
5bq0	Q06187
5bqh	O14684
5bqi	O14684
5brn	P00492
5bsk	P00492
5bue	P28482
5bui	P28482
5bvd	P28482
5bve	P28482
5bvf	P28482
5bvn	Q08345
5bvw	Q08345
5byi	P00918
5byy	Q13164
5c0k	P98170
5c1m	P42866
5c1w	Q9Y233
5c26	P43405
5c28	Q9Y233
5c29	Q9Y233
5c2a	Q9Y233
5c2e	Q9Y233
5c2h	Q9Y233
5c3k	P98170
5c4o	P51449
5c4s	P51449
5c4u	P51449
5c7a	P98170
5c7c	P98170
5c7n	P55201
5c83	P98170
5c84	P98170
5c85	P55201
5c8k	P00533
5cal	P00533
5cao	P00533
5cap	P00533
5cas	P00533
5cau	P00533
5cbr	P19491
5cbs	P19491
5ccl	Q9H7B4
5ccm	Q9H7B4
5ceh	P29375
5cei	P24863,P49336
5ceo	Q12852
5cep	Q12852
5ceq	Q12852
5cf4	O60674
5cf5	O60674
5cf8	O60674
5cgc	P41594,P00720
5cgd	P41594,P00720
5cgj	Q9Z2X8
5ci7	O75385
5cj6	P10275
5cjf	Q9ULX7
5clm	P56817
5cnj	Q14416
5cnm	Q14832
5cp5	O60885
5cqt	O60885
5cqu	P68400
5cr7	P49902
5csh	P68400
5csp	P68400
5csw	P15056
5csx	P15056
5ct7	P15056
5cu4	P68400
5cuh	P14780
5cxa	P39900
5cxh	P43405
5cxz	P43405
5cy3	P43405
5cy9	O60885
5czb	O92972
5czm	P39900
5d0c	O60885
5d1j	P24941
5d1s	P15917
5d24	O60885
5d25	O60885
5d3c	P39900
5d3h	O60885
5d3n	O60885
5d3s	O60885
5d3t	O60885
5d45	P15090
5d48	P15090
5d6e	P50579
5d6p	P0A0K8
5d6q	P0A0K8
5d7c	P0A0K8
5d7r	P0A0K8
5d9k	P51812
5d9l	P51812
5da3	Q13882
5db0	O00255
5db1	O00255
5db3	O00255
5dbm	Q92793
5dd9	O00255
5dda	O00255
5ddb	O00255
5ddc	O00255
5ddd	O00255
5dde	O00255
5ddf	O00255
5dey	Q13153
5dgz	P11309
5dh4	Q9Y233
5dh5	Q9Y233
5dhg	P41146
5dhh	P41146
5dhj	P11309
5di1	O95819
5dia	P11309
5dit	Q13451
5div	Q13451
5dqc	P56817
5drq	P47205
5drt	Q8TEK3
5dry	Q8TEK3
5dsx	Q8TEK3
5dt2	Q8TEK3
5dtm	Q8TEK3
5dtq	Q8TEK3
5dtr	Q8TEK3
5dts	Q6XEC0
5dtt	Q6XEC0
5duw	P56470
5dwr	P11309
5dx4	O60885
5dxh	P42336
5dxt	P42336
5dxu	O00329
5dy5	Q8IXJ6
5dyw	P06276
5dyy	P06276
5e1e	P23458
5e28	P00918
5e2m	P00915
5e2n	Q8N1Q1
5e2o	P03951
5e2p	P03951
5e2r	P00918
5e73	Q9UIF8
5e7n	P27694
5e7r	O43318,Q15750
5e80	O43924
5e88	P17931
5e89	P17931
5e8a	P17931
5e8r	Q96LA8
5e8w	P36897
5ece	O95271
5edb	P15090
5edi	Q9Y233
5edq	P00533
5edr	P00533
5edu	P0AEX9,Q9UBN7
5ee7	P47871,P00720
5egm	P00740
5egs	Q96LA8
5egu	O60885
5eh0	P33981
5eh8	P00918
5ehn	P21836
5ehp	Q06124
5ehy	P33981
5ei2	P33981
5ei3	P06730
5ei4	O60885
5ei6	P33981
5ei8	P33981
5eie	P21836
5eis	O60885
5ek0	Q15858
5ek9	P25440
5ekh	P00918
5ekj	P00918
5ekm	P00918
5eko	O15264
5ely	Q04609
5em5	P00533
5em6	P00533
5em7	P00533
5emj	O14744,Q9BQA1
5emk	O14744,Q9BQA1
5eml	O14744,Q9BQA1
5emm	O14744,Q9BQA1
5en3	P02766
5eng	Q92793
5enk	P56817
5enm	P56817
5eob	P08581
5eol	P11309
5ep7	Q92793
5epk	Q14781
5epl	O00257
5epr	P55201
5eps	P55201
5eq0	Q9HC52
5eq1	P55201
5eqe	P35790
5eqp	P35790
5eqy	P35790
5etb	P55201
5eth	P51449
5etj	P00491
5etk	P26281
5etl	P26281
5etm	P26281
5etn	P26281
5etp	P26281
5ety	O95271
5eu1	Q9H8M2
5evz	P11021
5ew3	P35968
5ew9	O14965
5ewj	Q13224
5ewm	Q13224
5exl	P03951
5exm	P03951
5exn	P03951
5eyc	P08581
5eyd	P08581
5eyk	Q6DE08
5f00	P56817
5f02	P07711
5f1h	Q9H8M2
5f1l	Q9H8M2
5f1z	P29597
5f20	P29597
5f25	Q9H8M2
5f2f	P08191
5f2p	Q9H8M2
5f2r	P11021
5f2s	O75164
5f32	O75164
5f37	O75164
5f39	O75164
5f3c	O75164
5f3e	O75164
5f3g	O75164
5f4n	O14757
5f5i	O75164
5f94	P49841
5f95	P49841
5f9e	Q04759
5fbe	P00746
5fbi	P00746
5fbn	Q06187
5fbo	Q06187
5fck	P00746
5fcw	Q9BY41
5fd2	P15056
5fdc	P00918
5fdp	Q08345
5fdr	Q07820
5fdz	Q92831
5fgk	P24863,P49336
5fhm	P19491
5fhn	P19491
5fi6	O94925
5fl4	Q16790
5fl5	Q16790
5flq	P00918
5fnj	P00918
5fp0	P34913
5fpi	P13612
5fqp	P03372
5fqr	P03372
5fsn	P36639
5fto	Q9UM73
5ftq	Q9UM73
5fue	A5H660
5fv7	P39748
5fwj	P41229
5fwr	P08191
5fxq	P08069
5fxs	P08069
5g1a	Q70I53
5g2b	Q8WQX9
5g3m	O15496
5g3n	P14555
5g4o	P04637
5g53	P63092,P29274
5g57	Q8WQX9
5g5v	Q8WQX9
5ghv	P43405
5gjd	O43318,Q15750
5gmp	P00533
5gnk	P00533
5gsa	O75530,Q15910
5gty	P00533
5h09	P08631
5h0b	P08631
5h0h	P08631
5h15	O75530,Q15910
5h17	O75530,Q15910
5h19	O75530,Q15910
5h21	O60885
5h2u	Q13882
5h3q	P04629
5h4j	P33316
5h85	Q92793
5h8b	P68400
5h8e	P68400
5h8g	P68400
5h9p	P17931
5h9q	P47929
5h9r	P17931
5h9s	P47929
5hbe	P24863,P49336
5hbh	P24863,P49336
5hbj	P24863,P49336
5hcv	P08235
5hd0	P56817
5hdu	P56817
5hdv	P56817
5hdx	P56817
5hdz	P56817
5he1	P25098,P59768,P62873
5he2	P21146,P59768,P62873
5he4	P56817
5he5	P56817
5he7	P56817
5hes	Q9NYL2
5hex	P52789
5hfu	P52789
5hg1	P52789
5hg5	P00533
5hg7	P00533
5hg8	P00533
5hg9	P00533
5hk2	Q99720
5hkm	O15530
5hls	O60885
5hlw	P08581
5hmh	Q00987
5hmi	Q00987
5hmk	Q00987
5hng	O15530
5ho7	O15530
5ho8	O15530
5hoa	P08581
5hrw	Q86U86
5htz	P56817
5hu1	P56817
5hu9	P00519
5hvs	P14174
5hvu	Q13464
5hvy	P24863,P49336
5hx6	Q13546
5hz5	Q01469
5hz6	P15090
5hz8	P15090
5hz9	P05413
5hzn	P08069
5i0b	O96013
5i0l	P39900
5i12	P14780
5i29	P21675
5i2e	P49773
5i2f	P49773
5i2r	Q9Y233
5i2z	P39900
5i3m	P39900
5i3w	P56817
5i3x	P56817
5i3y	P56817
5i40	Q9H8M2
5i43	P39900
5i4v	P28702,P55055
5i5x	O15382
5i5z	P24863,P49336
5i7u	P27487
5i7x	Q9H8M2
5i7y	Q9H8M2
5i80	O60885
5i83	Q92793
5i86	Q92793
5i88	O60885
5i89	Q92793
5i8b	Q92793
5i8g	Q92793
5i8p	Q13093
5i94	O94925
5i9x	P29317
5i9y	P29317
5ia0	P29317
5ia2	P29317
5ia3	P29317
5ia4	P29317
5icp	P24863,P49336
5idn	P24863,P49336
5idp	P24863,P49336
5ie1	P56817
5iez	Q07820
5if4	Q07820
5igk	O60885
5ih8	Q14680
5ih9	Q14680
5iha	Q14680
5ihc	Q14680
5ihh	P02766
5ii2	Q86U86
5iis	P11309
5ij7	O75530,Q15022,Q15910
5ikb	Q01812
5ime	Q13153
5ipc	P49773
5ipj	P11309
5isl	P29375
5ism	P27487
5itd	P27986,P42336
5iu2	P41279
5iu4	P29274
5iu7	P29274
5iu8	P29274
5iua	P29274
5iub	P29274
5iug	Q9UM73
5iuh	Q9UM73
5ivc	P29375
5ive	P29375
5ivj	P29375
5iw0	P29375
5iwg	Q92769
5ix0	Q92769
5izq	P15328
5j1v	P49759
5j1w	P49759
5j20	P07900
5j27	P07900
5j3s	O95551
5j41	P09211
5j64	P07900
5j6a	Q15119
5j6d	P17752
5j6l	P07900
5j6m	P07900
5j6n	P07900
5j79	O43353
5j7b	O43353
5j7f	Q00987
5j7g	Q00987
5j7q	P14174
5j7s	O43318,Q15750
5j8u	P07900
5j8z	P00918
5j9l	O43318,Q15750
5j9y	P00533
5j9z	P00533
5jal	Q13093
5jan	Q13093
5jao	Q13093
5jap	Q13093
5jar	Q13093
5jas	Q13093
5jat	Q13093
5jau	Q13093
5jfr	P50579
5jga	O43318,Q15750
5jgb	O43318,Q15750
5jgd	O43318,Q15750
5jh6	O43318,Q15750
5jhb	P48736
5ji6	P50579
5jk3	O43318,Q15750
5jog	Q92905
5jq5	P24941
5jq7	Q05320
5jrq	P15056
5jrs	Q06187
5js3	P00800
5jss	P00800
5juz	P14324
5jv0	P14324
5jv1	P14324
5jvi	P00800
5jxn	P00800
5jy3	P55055
5jyo	O94925
5jyp	O94925
5jzn	O15075
5k00	Q14680
5k0h	P00742
5k0i	O14684
5k0m	O75530
5k1v	Q6P179
5k4l	P29375
5k5e	P06276
5k5n	P49841
5k76	Q9NWZ3
5ka9	P18031
5kbq	Q13153
5kbr	Q13153
5kby	P27487
5kcv	P31749
5kcx	P11309
5kh7	Q9UBN7
5khk	O88703
5khm	O60885
5khx	P23458
5kj0	O60885
5kks	Q13464
5kkt	Q13464
5kly	P49773
5klz	P49773
5km1	P49773
5ko1	Q8NB16
5koq	P00797
5kos	P00797
5kpk	P49841
5kr8	P56817
5ksx	P14324
5ktu	Q92793
5ktw	Q92793
5ktx	Q92793
5ku3	O60885
5kup	Q06187
5kx7	Q9NWZ3
5kx8	Q9NWZ3
5kya	P28702,P55055
5kyj	P28702,P55055
5kyk	P01116
5kz0	Q9UM73
5kzi	P11309
5l01	P17752
5l13	P05091
5l2i	Q00534
5l2m	P00352
5l2n	P00352
5l2o	P00352
5l2s	Q00534
5l2t	Q00534
5l2y	P08709
5l2z	P08709
5l30	P08709
5l3a	O60674
5l8c	Q8WQX9
5l8y	Q8WQX9
5l9h	Q8WQX9
5laq	Q07343
5law	Q00987
5lay	Q00987
5laz	Q00987
5lbq	O60341,Q9UKL0
5lck	P28482
5lgn	O60341,Q9UKL0
5lgt	O60341,Q9UKL0
5lgu	O60341,Q9UKL0
5lhg	O60341,Q9UKL0
5lhh	O60341,Q9UKL0
5lhi	O60341,Q9UKL0
5lif	P00800
5lj0	Q6PL18
5lj1	O60885
5lj2	O60885
5ljj	P33981
5ljq	P00918
5ljt	P00918
5lkr	P06276
5ll4	P00918
5ll5	O43570
5ll9	O43570
5lla	Q8N1Q1
5llc	P00918
5lle	P00918
5llg	P00918
5llh	P00918
5lm4	P43003,Q15758
5lma	P43405
5lmb	P43405
5lny	P07900
5lp1	Q13093
5lp6	Q6B856
5lqf	P06493,P14635
5lsy	Q9BYW2
5luu	O60885
5lvq	Q92831
5lvr	Q92831
5lvx	P04062
5lwd	P00800
5lwm	P52333
5lx6	Q53GL7
5lyw	P50579
5lyx	P50579
5lyy	Q13093
5lz4	Q13093
5lz5	Q13093
5lz8	Q13093
5lz9	Q13093
5m2v	P22756
5m39	O60885
5m3a	O60885
5m4k	Q15119
5m5q	Q92905
5m6f	P98170
5m6m	P98170
5m6u	P27986,O00329
5m7m	Q13822
5m7s	O60502
5m7t	O60502
5ma7	P00800
5mae	P07711
5mar	Q8IXJ6
5mat	Q8IXJ6
5mes	P97287,Q07820
5mev	P97287,Q07820
5mg2	P21675
5mgf	Q9UIF8
5mhp	Q13822
5mim	P09958
5mks	P0DMV8
5ml3	O43924
5ml5	Q16539
5mme	Q92793
5mod	P68400
5mpk	Q92793
5mpn	Q92793
5mpz	Q92793
5mqe	Q92793
5mqy	P07711
5msb	O43570
5mt0	P00746
5mt4	P00746
5mtx	Q16539
5mty	Q16539
5mw3	Q8TEK3
5mw4	Q8TEK3
5mwp	Q15788,P08235
5mwy	Q15788,P08235
5mwz	P55201
5myg	P55201
5n0d	P00918
5n0e	P00918
5n1s	P00918
5n1z	P41182
5n20	P41182
5n21	P41182
5n24	P00918
5n2d	Q9NZQ7
5n2f	Q9NZQ7
5n2t	P00800
5n31	P00800
5n3v	P00800
5n49	O95696
5n53	O43175
5n7v	P33981
5n84	P33981
5n93	P33981
5n9n	P68400
5n9r	Q93009
5n9s	P33981
5n9t	Q93009
5nad	P33981
5nar	P00746
5naw	P00746
5nb6	P00746
5nb7	P00746
5nba	P00746
5ndd	P55085,P00720
5nea	P00918
5nee	P00918
5nev	P20248,P24941
5nge	Q93009
5ngf	Q93009
5ngr	P36639
5ngs	P36639
5ngt	P36639
5ngu	P28482
5ngz	Q9NPD8
5nhf	P28482
5nhh	P28482
5nhj	P28482
5nhl	P28482
5nhv	P28482
5nhy	P36639
5nhz	Q9K2N0
5ni7	P51449
5ni8	P51449
5nib	P51449
5nlk	Q92793
5nn0	P06276
5nn5	P10253
5nn6	P10253
5nob	Q9H2K2
5nqe	Q460N5
5nr8	Q13231
5nra	Q13231
5nrf	Q13231
5nsp	Q9H2K2
5ntp	P51449
5ntq	P51449
5ntt	P33981
5nu1	P51449
5nut	Q9H2K2
5nvw	P40337,Q15369,Q15370
5nwz	P22455
5nxi	P00918
5nxp	P00918
5ny3	P00918
5ny6	P00918
5nyh	P07900
5nzo	O43175
5nzq	O43175
5o07	P00918
5o11	P11309
5o1a	P04637
5o1b	P04637
5o1c	P04637
5o1d	P04637
5o1e	P04637
5o1f	P04637
5o1h	P04637
5o1i	P04637
5o2d	Q460N5
5o4s	P55201
5o5a	P55201
5o83	O35904
5oci	P07900
5ody	P17931
5of0	Q04609
5ofw	O43175
5oh2	A4TVL0
5oh4	A4TVL0
5olb	Q9R1E6
5om9	P15085
5one	O14965
5op5	O14757
5op6	Q9NWT6
5op8	Q9NWT6
5oqw	P98170
5osl	P68400
5otr	P68400
5ovr	P54829
5ovx	P54829
5ow1	P54829
5ow8	O15496
5owc	O15496
5owl	P68400
5ox6	Q9GZT9
5oxg	Q04771
5q0d	P03951
5q0e	P03951
5q0f	P03951
5q0g	P03951
5q0h	P03951
5q0j	Q96RI1,Q15788
5q0l	Q96RI1,Q15788
5q0p	Q96RI1,Q15788
5q0u	Q96RI1,Q15788
5q0x	Q96RI1,Q15788
5q0y	Q96RI1,Q15788
5q0z	Q96RI1,Q15788
5q13	Q96RI1,Q15788
5q1b	Q96RI1,Q15788
5q1f	Q96RI1,Q15788
5qax	Q6XEC0
5qb0	Q6XEC0
5qb2	Q6XEC0
5qbv	P25774
5qby	P25774
5qc4	P25774
5qck	P03951
5qcl	P03951
5qcm	P03951
5qcn	P03951
5qim	P36897
5qin	P37173
5std	P56221
5svk	P56373
5svl	P56373
5sxn	P00797
5sy2	P00797
5sym	O75608
5syn	O95372
5sz1	P00918
5sz4	P00918
5sz9	P00797
5t18	Q06187
5t1a	P41597,P00720
5t1t	Q9NWZ3
5t1u	P56817
5t1w	P56817
5t23	P48736
5t2y	Q0P9D1
5t36	O14684
5t37	O14684
5t4b	P27487
5t4e	P27487
5t4f	P27487
5t4h	P27487
5t4u	P55201
5t4v	P55201
5t5g	Q9NQR1
5t68	P43405
5t7s	O00214
5t8e	P10275
5t8j	P10275
5t92	P03372
5t97	P03372
5t9u	P62937
5t9w	P62937
5t9z	P62937
5ta2	P62937
5ta4	P62937
5ta6	P53350
5tb6	Q92793
5tbe	Q16539
5tbm	P27540,Q99814
5tbp	P19793
5tca	P00746
5tcc	P00746
5tco	Q16539
5tdi	P43235
5tex	P11309
5th7	Q9NQR1
5tiu	P43405
5tjx	P03952
5tkb	Q08499
5tkd	P29597
5tks	P03951
5tkt	P03951
5tku	P03951
5tl9	O14684
5tln	P00800
5tnt	P00740
5to8	Q14289
5tob	Q14289
5toe	P11309
5tol	P56817
5toz	P52333
5tpg	P17752
5tq3	O60674
5tq5	O60674
5tq6	O60674
5tq8	O60674
5tqe	P08709
5tqf	P08709
5tqg	P08709
5tr6	P43405
5trf	Q00987
5ttf	Q96KQ7
5ttg	Q9H9B1
5tts	P52333
5ttu	P52333
5ttv	P52333
5ttw	O75530
5tur	P11309
5tus	P23921
5tuy	Q96KQ7
5tuz	Q9H9B1
5tvn	P41595
5two	Q9UBK2,P37231
5tx5	Q13546
5txy	P00918
5ty1	P00918
5tya	P00918
5tyh	Q0P9D1
5tz3	O00408
5tza	O00408
5tzc	O00408
5tzh	O00408
5tzz	O00408
5u00	O00408
5u0f	P00918
5u3b	P47205
5u49	P02766
5u4b	P02766
5u4d	P02766
5u5h	O75530
5u5k	O75530
5u5l	P37231
5u5t	O75530,Q15910
5u62	O75530,Q15910
5u6d	O75530
5u6j	P08709
5u6v	P25440
5u7d	O00408
5u7i	O00408
5u7j	O00408
5u7k	O00408
5u7l	O00408
5u8f	O75530
5ubt	P27986,O00329
5ueu	O60885
5uex	O60885
5uey	O60885
5uez	O60885
5uf0	O60885
5ufi	Q96GG9
5ufo	P51449
5ufp	P27540,Q99814
5ufr	P51449
5ug8	P00533
5ug9	P00533
5uga	P00533
5ugc	P00533
5ugd	P00747
5ugg	P00747
5uhi	P51449
5uiq	Q9NWZ3
5uir	Q9NWZ3
5uis	Q9NWZ3
5uit	Q9NWZ3
5uiu	Q9NWZ3
5uk8	P27986,P42336
5ukj	P27986,P42336
5ukk	P25098,P59768,P62873
5ukl	P25098,P59768,P62873
5ukm	P21146,P59768,P62873
5uln	P00918
5unh	P50052
5uoo	O60885
5uor	Q99683
5uox	Q99683
5up0	Q01064
5up3	Q99683
5uqv	Q93009
5uqx	Q93009
5ur1	P11362
5ur9	Q01469
5ura	O15540
5urj	O75643
5usz	O60674
5ut6	O60674
5uuu	P25098
5uvc	P25098
5uwf	Q9Y233
5uwk	P45452
5uy8	P31939
5uyu	P56817
5uz0	P31939
5uzj	Q13464
5v0n	P56817
5v1b	Q96KS0
5v24	Q99683
5v3o	Q16531,Q96SW2
5v42	I6X8D2
5v5n	O43318,Q15750
5v5y	P30291
5v82	P11309
5v83	Q96GG9,P00720
5v84	Q9BXF3
5v86	Q96GG9,P00720
5v88	Q96GG9,P00720
5v8p	P0DPI0
5v8q	P10275
5v9p	P29375
5var	O75164
5vc3	P30291
5vc4	P30291
5vc5	P30291
5vc6	P30291
5vcv	Q99640
5vcw	Q99640
5vcx	Q99640
5vcy	Q99640
5vd0	Q99640
5vd1	Q99640
5vdk	P0C1S8
5vfc	P61964
5vfd	Q8RLA6
5vgi	O75164
5vgo	Q06187
5vi6	Q9BY41
5vil	Q99683
5vio	Q99683
5vkc	Q07820
5vkm	P20273
5vlr	P27986,O00329
5vnd	P11362
5vo1	Q12852
5vo2	Q12852
5vo6	P52333
5vom	O60885
5vp0	O00408
5vpm	P00797
5vrp	P00797
5vs6	Q93009
5vsb	Q93009
5vsc	Q96KQ7
5vse	Q96KQ7
5vsf	Q9H9B1
5vyy	P07900
5w0e	Q92793
5w0f	Q92793
5w0l	Q92793
5w0q	Q92793
5w4r	P51449
5w4v	P51449
5w4w	P48730
5w5j	O43353
5w5o	O43353
5w6e	Q01064
5w84	Q9NWZ3
5w85	Q9NWZ3
5w86	P52333
5w8h	P00338
5w8i	P00338
5w8j	P00338
5w8v	P00492
5wa8	P49773
5wa9	P49773
5wal	P29597
5wb6	P03951
5wbm	P50053
5wbo	P50053
5wbq	P50053
5wbr	P50053
5wbz	P50053
5wf5	P29274,P00720
5wf6	P29274,P00720
5wfj	P52333
5wg5	P25098
5wg6	O75530,Q15022,Q15910
5whc	Q93009
5wi0	P43490
5wj6	O94925
5wlt	P00918
5wlv	P00918
5wo4	P23458
5wqa	Q08499
5wr7	P04629
5ws3	O43614
5wuk	O75530,Q15910
5wuu	O60885
5wzv	Q9NZK7
5wzw	Q9NZK7
5x26	P00533
5x27	P00533
5x28	P00533
5x4n	P41182
5x4q	P41182
5x72	O43924
5x73	O43924
5x74	O43924
5x8i	P49759
5x9o	P41182
5xkm	O00408
5xmx	Q03181
5xqx	P24863,P49336
5xs2	P24863,P49336
5xsr	P09874
5xst	P09874
5xsu	P09874
5xv7	Q96SB4
5xva	O96013
5xvf	O96013
5xvg	O96013
5xyx	Q16539
5xyy	Q16539
5xyz	Q06187
5y0f	P15090
5y0g	P15090
5y0x	P15090
5y12	P15090
5y13	P15090
5y1y	O60885
5y2f	Q8N6T7
5y3n	Q12931
5y3o	Q12931
5y5n	Q8IXJ6
5y7z	O14976
5y80	O14976
5y86	O43781
5y9l	P49862
5ya5	P08581
5yc8	P08172
5ye7	Q13093
5ye8	Q13093
5ye9	Q13093
5yea	Q13093
5yjb	O60341,Q9UKL0
5yjf	P40261
5yjm	P23946
5yjp	P23946
5ylt	Q8WTS6
5ylv	P18434,P19156
5yp5	P51449
5yp6	Q15788,P51449
5yql	Q8IXJ6
5yqn	Q8IXJ6
5yqo	Q8IXJ6
5yu9	P00533
5yve	P56373
5ywx	O60760
5za1	P51449
5za7	P00749
5za8	P00749
5za9	P00749
5zaf	P00749
5zag	P00749
5zah	P00749
5zaj	P00749
5zeq	P09955
5zfi	Q91VE3
5zk3	P08172
5zk8	P08172
5zkb	P08172
5zo7	P52732
5zo8	P52732
5zo9	P52732
5zun	Q99685
5zz2	O76074
5zz4	Q06187
6aah	P23458
6aaj	O60674
6aak	P52333
6aam	P29597
6acb	O76074
6afr	O60885
6an1	P37231
6anl	Q16539
6aol	P41148
6apr	P06026
6aqf	P29274
6ary	Q869C3
6aud	P48736
6aum	P34913
6awn	P31645
6awo	P31645
6axq	Q92793
6ay3	Q92793
6ay5	Q92793
6ayd	P11309
6b0y	P01116
6b16	Q13153
6b1c	P14174
6b1k	P14174
6b1o	P27487
6b2c	P14174
6b2p	P9WI81
6b2q	P9WI83
6b30	P51449
6b31	P51449
6b41	O00255
6b4d	P00918
6b4l	Q07820
6b4u	Q07820
6b4w	P33981
6b59	P00918
6b5a	P00918
6b5j	Q59H18
6b5q	Q96GG9
6b7h	Q14832
6b8j	P49841
6b8u	P15056
6b8y	P36897
6b96	O00408
6b97	O00408
6baw	P41148
6bbu	P23458
6bbv	O60674
6bc9	P00918
6bfd	P56817
6bfe	P56817
6bfw	P56817
6bg3	Q96GG9,P00720
6bg5	Q96GG9,P00720
6bgw	P29375
6bgx	P29375
6bgy	P29375
6bh2	P29375
6bhv	P09874
6bkx	O75874
6bky	O75874
6bl1	O75874
6bl2	O75874
6bny	Q9UHD2
6boe	Q9UHD2
6boy	Q16531,Q96SW2,O60885
6bqg	P28335
6bqh	P28335
6br2	P51449
6br3	P51449
6bsk	P11309
6bsl	P13497
6bsm	P13497
6bw2	Q07820
6bw8	Q07820
6c0s	P03951
6c1s	P48736
6c2y	P25098
6c3e	Q13546
6c4d	Q13546
6c5q	P37231
6c5t	P37231
6c7e	O00408
6c7f	O00408
6c7g	O00408
6c7i	O00408
6c7j	O00408
6c7q	O60885
6c7r	O60885
6c7w	P00918
6c7x	P00918
6c91	P41148
6cb5	P14174
6cbg	P14174
6cbh	P14174
6ccy	Q16513,P31749
6ce8	Q9UBN7
6cec	Q9UBN7
6ced	Q9UBN7
6cee	Q9UBN7
6cef	Q9UBN7
6ceh	P00918
6chh	P40261
6cis	O60885
6ciy	O60885
6cj1	O60885
6cjh	Q9HBH9
6ck3	Q9HBH9
6ck6	Q9HBH9
6ckc	O14744,Q9BQA1
6cki	Q9HBH9
6ckr	O60885
6cks	O60885
6ckx	O75909,Q9NYV4
6cmj	Q96RR4
6cmr	Q06124
6cn5	P51449
6cn6	P51449
6cq4	Q9UHD2
6cz3	Q13882
6czu	O60885
6d1l	P00918
6d1m	P00918
6d55	Q07889,P01112
6d56	Q07889,P01112
6d5e	Q07889,P01112
6d5g	Q07889,P01112
6d5h	Q07889,P01112
6d5j	Q07889,P01112
6d6t	P14867,P18507,P47870
6d6u	P14867,P18507,P47870
6da4	P52333
6dar	P61964
6das	P61964
6db3	P52333
6db4	P52333
6di1	Q06187
6dk1	Q99720
6dkb	P04629
6dkg	P04629
6dki	P04629
6dm8	P97287,P0AEX9
6dq4	P29375
6dq5	P29375
6dqb	P29375
6drx	P41595
6dry	P41595
6dud	P52333
6e4a	O60885
6e59	P25103
6e9w	Q13464
6ed6	O75116
6eea	P00918
6eeh	P00918
6eeo	P00918
6eif	Q13627
6eij	Q13627
6eip	Q13627
6eiq	Q13627
6eis	Q13627
6ej3	P56817
6ej4	Q13627
6ek3	Q460N3
6ekd	P53779
6ekn	P39900
6ekq	P55201
6eln	P07900
6elo	P07900
6elp	P07900
6en4	O75533,Q15393
6en5	P12821
6en6	P12821
6enm	P39900
6eog	P17931
6eox	P39900
6epa	Q9VWX8
6eqm	P56817
6eqp	P06276
6eqv	P09958
6eqw	P09958
6es0	O43353
6esm	P14780
6esn	P51449
6etj	Q16875
6eum	P04190
6ev0	P22262
6evr	P00915
6ew6	P41182
6ewe	P04190
6ex1	P00915
6exm	P22262
6ey8	P07900
6ey9	P07900
6eyb	P07900
6f1x	P36639
6f20	P36639
6f22	P36639
6f23	P36639
6f28	P42264
6f29	P42264
6f3b	P00915
6f3d	Q9NWZ3
6f3e	Q9NWZ3
6f3g	Q9NWZ3
6f3i	Q9NWZ3
6f5h	Q93009
6f5u	Q05320
6f6i	Q05320
6f6n	Q05320
6f6r	P29466
6f6u	Q08499
6f7q	P06276
6f8u	Q08499
6f92	Q8A0Q6
6f9u	P12821
6f9v	P12821
6faf	P00915
6fe0	Q16790
6fgy	P56817
6fmc	O14786
6fmf	O14786
6fmj	P40337,Q15369,Q15370
6fmk	P40337,Q15369,Q15370
6fo5	O60885
6fqo	Q92793
6fqu	Q92793
6fs0	Q07820
6fs1	Q07820
6fse	P21836
6ftz	P00746
6fug	P00746
6fuh	P00746
6fui	P00746
6fuj	P00746
6fut	P00746
6fyk	P49760
6fyl	P49760
6fyp	P49761
6fyz	P56524
6fzu	P51449
6g07	P51449
6g0w	Q460N5
6g2l	Q9NPB1
6g2n	Q8TCD5
6g3o	Q92769
6g5j	O15496
6g6w	O00329
6g7f	P22141,P23724,P25043,P30656,P38624
6g8m	P22141,P23724,P25043,P30656,P38624
6g8n	P22141,P23724,P25043,P30656,P38624
6g91	P28482
6g92	P28482
6g97	P28482
6g98	Q16790
6g9b	Q05320
6g9h	P28482
6g9i	Q05320
6g9j	P28482
6g9k	P28482
6g9m	P28482
6g9n	P28482
6gbx	Q16769
6gdg	P59768,P62873,P63092,P29274
6ggn	Q00987
6gin	Q04771
6gjm	P62937
6gl3	Q9UBF8
6gl8	P10415
6gl9	P52333
6gla	P52333
6glb	P52333
6gmq	P40337,Q15369,Q15370
6gmx	P40337,Q15369,Q15370
6got	P00918
6gu2	P06493,P14635
6gu3	P06493,P14635
6gu4	P06493,P14635
6gub	P30274,P24941
6gue	P30274,P24941
6guf	P30274,P24941
6guh	P24941
6guk	P24941
6gwr	Q08345
6gx3	A5H660
6gy1	P22734
6h1h	O00625
6h1i	O00625
6h2z	P00918
6h33	P00918
6h34	P00918
6h36	P43166
6h37	P43166
6h38	P43166
6h3k	P33981
6h5w	P12821
6h5x	P12821
6h7y	Q04609
6hdn	Q6PL18
6hdo	Q6PL18
6hdq	O60885
6hjj	O14965
6hjk	O14965
6hkj	Q04609
6hkz	Q04609
6hm6	P43405
6hm7	P43405
6hmx	O43353
6hpw	Q03111
6hqy	A5H660
6hrq	A5H660
6hsh	A5H660
6hsk	Q9BY41
6hsz	A5H660
6ht1	Q03111
6htg	A5H660
6hth	A5H660
6hti	A5H660
6htz	A5H660
6hu0	A5H660
6hu3	A5H660
6hvh	Q16875
6hvi	Q16875
6i3s	Q00987
6iik	P54578
6m9t	P43115,P00720
6ma5	O15294
6mrg	P97612
6mx8	Q9UM73
6nao	Q8N884
7std	P56221
830c	P45452
966c	P03956
